ANO_APLICACAO;CO_POSICAO;SG_AREA;CO_ITEM;TX_GABARITO;CO_HABILIDADE;IN_ITEM_ABAN;TX_MOTIVO_ABAN;NU_PARAM_A;NU_PARAM_B;NU_PARAM_C;TX_COR;CO_PROVA;TP_LINGUA;IN_ITEM_ADAPTADO;TP_VERSAO_DIGITAL;TP_APLICACAO;REF_ARQUIVO_PDF;DESC_ENUNCIADO;DESC_ALTER_A;DESC_ALTER_B;DESC_ALTER_C;DESC_ALTER_D;DESC_ALTER_E;IN_ITEM_IMAGEM
2009;137;MT;60227;E;24;0;;2.4516;2.26159;0.07674;AMARELO;61;;;;REGULAR;ENEM_2009_PROVA_DIA_2_AMARELO_5.pdf;Suponha que o modelo exponencial y = 363e^{0,03 x}, em que x = 0 corresponde ao ano 2000, x = 1 corresponde ao ano 2001, e assim sucessivamente, e que y é a população em milhões de habitantes no ano x, seja usado para estimar essa população com 60 anos ou mais de idade nos países em desenvolvimento entre 2010 e 2050. Desse modo, considerando e^{0,3} = 1,35, estima-se que a população com 60 anos ou mais estará, em 2030, entre;490 e 510 milhões.;550 e 620 milhões.;780 e 800 milhões.;810 e 860 milhões.;870 e 910 milhões.;0
2009;154;MT;58784;D;15;0;;2.9312;1.44841;0.17344;AMARELO;61;;;;REGULAR;ENEM_2009_PROVA_DIA_2_AMARELO_5.pdf;A rampa de um hospital tem na sua parte mais elevada uma altura de 2,2 metros. Um paciente ao caminhar sobre a rampa percebe que se deslocou 3,2 metros e alcançou uma altura de 0,8 metro. A distância em metros que o paciente ainda deve caminhar para atingir o ponto mais alto da rampa é;1,16 metros.;3,0 metros.;5,4 metros.;5,6 metros.;7,04 metros.;0
2009;157;MT;60250;B;14;0;;2.69776;2.93505;0.15095;AMARELO;61;;;;REGULAR;ENEM_2009_PROVA_DIA_2_AMARELO_5.pdf;Uma empresa que fabrica esferas de aço, de 6 cm de raio, utiliza caixas de madeira, na forma de um cubo, para transportá-las. Sabendo que a capacidade da caixa é de 13.824 cm^{3}, então o número máximo de esferas que podem ser transportadas em uma caixa é igual a;4.;8.;16.;24.;32.;0
2009;162;MT;60254;A;16;0;;2.32988;2.23435;0.20364;AMARELO;61;;;;REGULAR;ENEM_2009_PROVA_DIA_2_AMARELO_5.pdf;Uma escola lançou uma campanha para seus alunos arrecadarem, durante 30 dias, alimentos não perecíveis para doar a uma comunidade carente da região. Vinte alunos aceitaram a tarefa e nos primeiros 10 dias trabalharam 3 horas diárias, arrecadando 12 kg de alimentos por dia. Animados com os resultados, 30 novos alunos somaram-se ao grupo, e passaram a trabalhar 4 horas por dia nos dias seguintes até o término da campanha. Admitindo-se que o ritmo de coleta tenha se mantido constante, a quantidade de alimentos arrecadados ao final do prazo estipulado seria de;920 kg.;800 kg.;720 kg.;600 kg.;570 kg.;0
2009;166;MT;60257;A;2;0;;1.98397;2.6823;0.19702;AMARELO;61;;;;REGULAR;ENEM_2009_PROVA_DIA_2_AMARELO_5.pdf;Doze times se inscreveram em um torneio de futebol amador. O jogo de abertura do torneio foi escolhido da seguinte forma: primeiro foram sorteados 4 times para compor o Grupo A. Em seguida, entre os times do Grupo A, foram sorteados 2 times para realizar o jogo de abertura do torneio, sendo que o primeiro deles jogaria em seu próprio campo, e o segundo seria o time visitante. A quantidade total de escolhas possíveis para o Grupo A e a quantidade total de escolhas dos times do jogo de abertura podem ser calculadas através de;uma combinação e um arranjo, respectivamente.;um arranjo e uma combinação, respectivamente.;um arranjo e uma permutação, respectivamente.;duas combinações.;dois arranjos.;0
2009;176;MT;60242;C;21;0;;2.83725;3.26771;0.21224;AMARELO;61;;;;REGULAR;ENEM_2009_PROVA_DIA_2_AMARELO_5.pdf;O Indicador do CadÚnico (ICadÚnico), que compõe o cálculo do Índice de Gestão Descentralizada do Programa Bolsa Família (IGD), é obtido por meio da média aritmética entre a taxa de cobertura qualificada de cadastros (TC) e a taxa de atualização de cadastros (TA), em que TC = $\frac{NV}{NF}$,TA = $\frac{NA}{NV}$, NV é o número de cadastros domiciliares válidos no perfil do CadÚnico, NF é o número de famílias estimadas como público alvo do CadÚnico e NA é o número de cadastros domiciliares atualizados no perfil do CadÚnico. Portaria n^\circ 148 de 27 de abril de 2006 (adaptado). Suponha que o IcadÚnico de um município específico é 0,6. Porém, dobrando NF o IcadÚnico cairá para 0,5. Se NA + NV = 3.600, então NF é igual a;10.000.;7.500.;5.000.;4.500.;3.000.;0
2009;178;MT;60238;C;9;0;;1.95278;2.71524;0.21173;AMARELO;61;;;;REGULAR;ENEM_2009_PROVA_DIA_2_AMARELO_5.pdf;Um artesão construiu peças de artesanato interceptando uma pirâmide de base quadrada com um plano. Após fazer um estudo das diferentes peças que poderia obter, ele concluiu que uma delas poderia ter uma das faces pentagonal. Qual dos argumentos a seguir justifica a conclusão do artesão?;Uma pirâmide de base quadrada tem 4 arestas laterais e a interseção de um plano com a pirâmide intercepta suas arestas laterais. Assim, esses pontos formam um polígono de 4 lados.;Uma pirâmide de base quadrada tem 4 faces triangulares e, quando um plano intercepta essa pirâmide, divide cada face em um triângulo e um trapézio. Logo, um dos polígonos tem 4 lados.;Uma pirâmide de base quadrada tem 5 faces e a interseção de uma face com um plano é um segmento de reta. Assim, se o plano interceptar todas as faces, o polígono obtido nessa interseção tem 5 lados.;O número de lados de qualquer polígono obtido como interseção de uma pirâmide com um plano é igual ao número de faces da pirâmide. Como a pirâmide tem 5 faces, o polígono tem 5 lados.;O número de lados de qualquer polígono obtido interceptando-se uma pirâmide por um plano é igual ao número de arestas laterais da pirâmide. Como a pirâmide tem 4 arestas laterais, o polígono tem 4 lados.;0
2009;180;MT;60234;B;13;0;;3.09626;2.8116;0.2272;AMARELO;61;;;;REGULAR;ENEM_2009_PROVA_DIA_2_AMARELO_5.pdf;"A cisterna é um recipiente utilizado para armazenar água da chuva. Os principais critérios a serem observados para captação e armazenagem de água da chuva são: a demanda diária de água na propriedade; o índice médio de precipitação (chuva), por região, em cada período do ano; o tempo necessário para armazenagem; e a área de telhado necessária ou disponível para captação. Para fazer o cálculo do volume de uma cisterna, deve-se acrescentar um adicional relativo ao coeficiente de evaporação. Na dificuldade em se estabelecer um coeficiente confiável, a Empresa Brasileira de Pesquisa Agropecuária (EMBRAPA) sugere que sejam adicionados 10% ao volume calculado de água. Desse modo, o volume, em m^{3}, de uma cisterna é calculado por $V_{c}$ = $V_{d}$ \times $N_{dia}$, em que $V_{d}$ = volume de demanda da água diária (m^3), $N_{dia}$ = número de dias de armazenagem, e este resultado deve ser acrescido de 10%. Para melhorar a qualidade da água, recomenda-se que a captação seja feita somente nos telhados das edificações. Considerando que a precipitação de chuva de 1 mm sobre uma área de 1 m^{2} produz 1 litro de água, pode-se calcular a área de um telhado a fim de atender a necessidade de armazenagem da seguinte maneira: área do telhado (em m^{2}) = volume da cisterna (em litros)/precipitação. Disponível em: www.cnpsa.embrapa.br. Acesso em: 8 jun. 2009 (adaptado). Para atender a uma demanda diária de 2.000 litros de água, com período de armazenagem de 15 dias e precipitação média de 110 mm, o telhado, retangular, deverá ter as dimensões mínimas de";$6 metros por 5 metros, pois assim teria uma área de 30 m^{2}$;$15 metros por 20 metros, pois assim teria uma área de 300 m^{2}$;$50 metros por 60 metros, pois assim teria uma área de 3.000 m^{2}$;$91 metros por 30 metros, pois assim teria uma área de 2.730 m^{2}$;$110 metros por 30 metros, pois assim teria uma área de 3.300 m^{2}$;0
2010;137;MT;70700;E;11;0;;1.96748;1.29609;0.10989;Azul;99;;;;REGULAR;ENEM_2010_PROVA_GAB_DIA_2_AZUL_7.pdf;No monte de Cerro Armazones, no deserto de Atacama, no Chile, ficará o maior telescópio da superfície terrestre, o Telescópio Europeu Extremamente Grande (E-ELT). O E-ELT terá um espelho primário de 42 m de diâmetro, “o maior olho do mundo voltado para o céu”. Disponível em: http://www.estadao.com.br. Acesso em: 27 abr. 2010 (adaptado). Ao ler esse texto em uma sala de aula, uma professora fez uma suposição de que o diâmetro do olho humano mede aproximadamente 2,1 cm. Qual a razão entre o diâmetro aproximado do olho humano, suposto pela professora, e o diâmetro do espelho primário do telescópio citado?;1 : 20;1 : 100;1 : 200;1 : 1 000;1 : 2 000;0
2010;144;MT;73385;C;15;0;;2.70301;1.35998;0.30383;Azul;99;;;;REGULAR;ENEM_2010_PROVA_GAB_DIA_2_AZUL_7.pdf;"A resistência elétrica e as dimensões do condutor A relação da resistência elétrica com as dimensões do condutor foi estudada por um grupo de cientistas por meio de vários experimentos de eletricidade. Eles verificaram que existe proporcionalidade entre: \bullet resistência (R) e comprimento (Ɛ), dada a mesma secção transversal (A); \bullet resistência (R) e área da secção transversal (A), dado o mesmo comprimento (Ɛ) e \bullet comprimento (Ɛ) e área da secção transversal (A), dada a mesma resistência (R). Considerando os resistores como fios, pode-se exemplificar o estudo das grandezas que influem na resistência elétrica utilizando as figuras seguintes. As figuras mostram que as proporcionalidades existentes entre resistência (R) e comprimento (Ɛ), resistência (R) e área da secção transversal (A), e entre comprimento (Ɛ) e área da secção transversal (A) são, respectivamente,";direta, direta e direta.;direta, direta e inversa.;direta, inversa e direta.;inversa, direta e direta.;inversa, direta e inversa.;0
2010;154;MT;70008;C;4;0;;1.57654;1.55529;0.22463;Azul;99;;;;REGULAR;ENEM_2010_PROVA_GAB_DIA_2_AZUL_7.pdf;"Uma empresa possui um sistema de controle de qualidade que classifica o seu desempenho financeiro anual, tendo como base o do ano anterior. Os conceitos são: insuficiente, quando o crescimento é menor que 1%; regular, quando o crescimento é maior ou igual a 1% e menor que 5%; bom, quando o crescimento é maior ou igual a 5% e menor que 10%; ótimo, quando é maior ou igual a 10% e menor que 20%; e excelente, quando é maior ou igual a 20%. Essa empresa apresentou lucro de R$ 132 000,00 em 2008 e de R$ 145 000,00 em 2009. De acordo com esse sistema de controle de qualidade, o desempenho financeiro dessa empresa no ano de 2009 deve ser considerado";insuficiente.;regular.;bom.;ótimo.;excelente.;0
2010;175;MT;58699;E;27;0;;1.66283;2.97375;0.12156;Azul;99;;;;REGULAR;ENEM_2010_PROVA_GAB_DIA_2_AZUL_7.pdf;O quadro seguinte mostra o desempenho de um time de futebol no último campeonato. A coluna da esquerda mostra o número de gols marcados e a coluna da direita informa em quantos jogos o time marcou aquele número de gols. Gols marcados Quantidade de partidas 0 5 1 3 2 4 3 3 4 2 5 2 7 1 Se X, Y e Z são, respectivamente, a média, a mediana e a moda desta distribuição, então;X = Y < Z.;Z < X = Y.;Y < Z < X.;Z < X < Y.;Z < Y < X.;0
2011;136;MT;70183;A;1;0;;2.11832;0.73515;0.18808;Cinza;130;;;;REGULAR;ENEM_2011_P1_CAD_06_DIA_2_CINZA_LEDOR.pdf;"O medidor de energia elétrica das residências, conhecido por “relógio de luz”, é constituído de quatro pequenos relógios, dispostos lado a lado, correspondentes, respectivamente, às posições MILHAR, CENTENA, DEZENA e UNIDADE. Em cada um desses relógios, há um único ponteiro, que gira no sentido crescente da numeração. A medida é expressa em kWh. O número obtido na leitura é composto por quatro algarismos, sendo cada posição desse número formada pelo último algarismo ultrapassado pelo ponteiro do relógio correspondente àquela posição. Em determinado momento, o relógio de luz de uma residência apresentava a seguinte sequência: \bullet relógio correspondente à posição MILHAR: ponteiro entre os algarismos 2 e 3; \bullet relógio correspondente à posição CENTENA: ponteiro entre os algarismos 6 e 7; \bullet relógio correspondente à posição DEZENA: ponteiro entre os algarismos 1 e 2; \bullet relógio correspondente à posição UNIDADE: ponteiro entre os algarismos 4 e 5. De acordo com essa descrição, o número obtido, em kWh, pela leitura do relógio de luz dessa residência é";2 614.;3 624.;2 715.;3 725.;4 162.;0
2011;137;MT;72052;B;10;0;;2.23008;0.55451;0.27798;Cinza;130;;;;REGULAR;ENEM_2011_P1_CAD_06_DIA_2_CINZA_LEDOR.pdf;"Um mecânico de uma equipe de corrida necessita que as seguintes medidas realizadas em um carro sejam obtidas em metros: a) distância a entre os eixos dianteiro e traseiro: 2 300 mm; b) altura b entre o solo e o encosto do piloto: 160 cm. Ao optar pelas medidas a e b em metros, obtêm-se, respectivamente,";0,23 e 0,16.;2,3 e 1,6.;23 e 16.;230 e 160.;2 300 e 1 600.;0
2011;138;MT;72676;E;21;0;;2.96492;2.02812;0.0738;Cinza;130;;;;REGULAR;ENEM_2011_P1_CAD_06_DIA_2_CINZA_LEDOR.pdf;A Escala de Magnitude de Momento (abreviada como MMS e denotada como M ), introduzida em 1979 w por Thomas Haks e Hiroo Kanamori, substituiu a Escala de Richter para medir a magnitude dos terremotos em termos de energia liberada. Menos conhecida pelo público, a MMS é, no entanto, a escala usada para estimar as magnitudes de todos os grandes terremotos da atualidade. Assim como a escala Richter, a MMS é uma escala logarítmica. M e M se relacionam pela W 0 fórmula: −^{2 3 \log ( M )} W 10 0 Onde M é o momento sísmico (usualmente estimado a partir dos registros de movimento da superfície, através dos sismogramas), cuja unidade é o dina∙cm. O terremoto de Kobe, acontecido no dia 17 de janeiro de 1995, foi um dos terremotos que causaram maior impacto no Japão e na comunidade científica internacional. Teve magnitude M = 7,3. W Mostrando que é possível determinar a medida por meio de conhecimentos matemáticos, qual foi o momento sísmico M do terremoto de Kobe (em dina∙cm)?;$10^{-5,10}$;$10^{-0,73}$;$10^{12,00}$;$10^{21,65}$;$10^{27,00}$;0
2011;139;MT;71649;E;5;0;;2.41492;0.28863;0.31102;Cinza;130;;;;REGULAR;ENEM_2011_P1_CAD_06_DIA_2_CINZA_LEDOR.pdf;"O dono de uma oficina mecânica precisa de um pistão das partes de um motor, de 68 mm de diâmetro, para o conserto de um carro. Para conseguir um, esse dono vai até um ferro velho e lá encontra pistões com diâmetros iguais a 68,21 mm; 68,102 mm; 68,001 mm; 68,02 mm e 68,012 mm. Para colocar o pistão no motor que está sendo consertado, o dono da oficina terá de adquirir aquele que tenha o diâmetro mais próximo do que precisa. Nessa condição, o dono da oficina deverá comprar o pistão de diâmetro";68,21 mm.;68,102 mm.;68,02 mm.;68,012 mm.;68,001 mm.;0
2011;140;MT;72045;E;17;0;;2.69266;1.52176;0.11563;Cinza;130;;;;REGULAR;ENEM_2011_P1_CAD_06_DIA_2_CINZA_LEDOR.pdf;Café no Brasil O consumo de café atingiu o maior nível da história no ano de 2009: os brasileiros beberam o equivalente a 331 bilhões de xícaras. Considere que a xícara citada na notícia seja equivalente a, aproximadamente, 120 mL de café. Suponha que em 2010 os brasileiros tenham bebido ainda mais café, aumentando o consumo em $\frac{1}{5}$ do que foi consumido no ano anterior. De acordo com essas informações, o consumo aproximado de café em 2010 foi de;8 bilhões de litros.;16 bilhões de litros.;32 bilhões de litros.;40 bilhões de litros.;48 bilhões de litros.;0
2011;141;MT;70407;B;12;0;;1.78608;0.80144;0.18101;Cinza;130;;;;REGULAR;ENEM_2011_P1_CAD_06_DIA_2_CINZA_LEDOR.pdf;Você pode adaptar as atividades do seu dia a dia de uma forma que possa queimar mais calorias do que as gastas normalmente, conforme a relação seguinte: - Enquanto você fala ao telefone, faça agachamentos: 100 calorias gastas em 20 minutos. - Meia hora de supermercado: 100 calorias. - Cuidar do jardim por 30 minutos: 200 calorias. - Passear com o cachorro: 200 calorias em 30 minutos. - Tirar o pó dos móveis: 150 calorias em 30 minutos. - Lavar roupas por 30 minutos: 200 calorias. Uma pessoa deseja executar essas atividades, porém, ajustando o tempo para que, em cada uma, gaste igualmente 200 calorias. A partir dos ajustes, quanto tempo a mais será necessário para realizar todas as atividades?;50 minutos.;60 minutos.;80 minutos.;120 minutos.;170 minutos.;0
2011;142;MT;71642;C;13;0;;1.80059;1.4011;0.1643;Cinza;130;;;;REGULAR;ENEM_2011_P1_CAD_06_DIA_2_CINZA_LEDOR.pdf;Em uma certa cidade, os moradores de um bairro carente de espaços de lazer reivindicam à prefeitura municipal a construção de uma praça. A prefeitura concorda com a solicitação e afirma que irá construí-la em formato retangular devido às características técnicas do terreno. Restrições de natureza orçamentária impõem que sejam gastos, no máximo, 180 m de tela para cercar a praça. A prefeitura apresenta aos moradores desse bairro as medidas dos terrenos disponíveis para a construção da praça: Terreno 1: 55 m por 45 m Terreno 2: 55 m por 55 m Terreno 3: 60 m por 30 m Terreno 4: 70 m por 20 m Terreno 5: 95 m por 85 m Para optar pelo terreno de maior área, que atenda às restrições impostas pela prefeitura, os moradores deverão escolher o terreno;1.;2.;3.;4.;5.;0
2011;143;MT;70501;E;11;0;;2.68015;2.08631;0.07696;Cinza;130;;;;REGULAR;ENEM_2011_P1_CAD_06_DIA_2_CINZA_LEDOR.pdf;Sabe-se que a distância real, em linha reta, de uma cidade A, localizada no estado de São Paulo, a uma cidade B, localizada no estado de Alagoas, é igual a 2 000 km. Um estudante, ao analisar um mapa, verificou com sua régua que a distância entre essas duas cidades, A e B, era 8 cm. Os dados nos indicam que o mapa observado pelo estudante está na escala de;1 : 250.;1 : 2 500.;1 : 25 000.;1 : 250 000.;1 : 25 000 000.;0
2011;144;MT;70698;E;7;0;;1.40069;2.32577;0.10823;Cinza;130;;;;REGULAR;ENEM_2011_P1_CAD_06_DIA_2_CINZA_LEDOR.pdf;"Uma indústria fabrica brindes promocionais em forma de pirâmide, que é obtida a partir de quatro cortes feitos em um sólido que tem a forma de um cubo, cujos vértices da face inferior são indicados pelas letras A, B, C e D e o ponto central da face superior é indicado pela letra O. A cada corte, é descartada a parte que não comporá a pirâmide. Os cortes são feitos da seguinte maneira: \bullet o primeiro corte é feito pelo plano que passa pelo ponto O e pela aresta AD ; \bullet o segundo corte é feito pelo plano que passa pelo ponto O e pela aresta BC , paralela à aresta AD ; \bullet o terceiro corte é feito pelo plano que passa pelo ponto O e pela aresta AB ; \bullet o quarto corte é feito pelo plano que passa pelo ponto O e pela aresta CD, paralela à aresta AB . Os formatos dos sólidos descartados são";todos iguais.;todos diferentes.;três iguais e um diferente.;apenas dois iguais.;iguais dois a dois.;0
2011;145;MT;71238;B;27;0;;1.62432;1.82815;0.21852;Cinza;130;;;;REGULAR;ENEM_2011_P1_CAD_06_DIA_2_CINZA_LEDOR.pdf;"Uma equipe de especialistas do centro meteorológico de uma cidade mediu a temperatura do ambiente, sempre no mesmo horário, durante 15 dias intercalados, a partir do primeiro dia de um mês. Esse tipo de procedimento é frequente, uma vez que os dados coletados servem de referência para estudos e verificação de tendências climáticas ao longo dos meses e anos. As medições ocorridas nesse período foram as seguintes: \bullet dia primeiro: 15,5 ºC; \bullet dia 3: 14 ºC; \bullet dia 5: 13,5 ºC; \bullet dia 7: 18 ºC; \bullet dia 9: 19,5 ºC; \bullet dia 11: 20 ºC; \bullet dia 13: 13,5 ºC; \bullet dia 15: 13,5 ºC; \bullet dia 17: 18 ºC; \bullet dia 19: 20 ºC; \bullet dia 21: 18,5 ºC; \bullet dia 23: 13,5 ºC; \bullet dia 25: 21,5 ºC; \bullet dia 27: 20 ºC; \bullet dia 29: 16 ºC. Em relação à temperatura, os valores da média, mediana e moda são, respectivamente, iguais a";$17 ^\circC, 17 ^\circC e 13,5 ^\circC$;$17 ^\circC, 18 ^\circC e 13,5 ^\circC$;$17 ^\circC, 13,5 ^\circC e 18 ^\circC$;$17 ^\circC, 18 ^\circC e 21,5 ^\circC$;$17 ^\circC, 13,5 ^\circC e 21,5 ^\circC$;0
2011;146;MT;72783;C;11;0;;1.99058;1.58634;0.17168;Cinza;130;;;;REGULAR;ENEM_2011_P1_CAD_06_DIA_2_CINZA_LEDOR.pdf;Para uma atividade realizada no laboratório de Matemática, um aluno precisa construir uma maquete de uma quadra de esportes que tem 28 m de comprimento por 12 m de largura. A maquete deverá ser construída na escala de 1 : 250. Que medidas de comprimento e largura, em cm, o aluno utilizará na construção da maquete?;4,8 e 11,2;7,0 e 3,0;11,2 e 4,8;28,0 e 12,0;30,0 e 70,0;0
2011;147;MT;73124;E;7;0;;1.2623;0.61947;0.13382;Cinza;130;;;;REGULAR;ENEM_2011_P1_CAD_06_DIA_2_CINZA_LEDOR.pdf;Um treinador de um time de basquete utilizou um plano cartesiano, cuja origem coincide com o centro da quadra de basquete e as cestas estão dispostas no eixo x, para montar um esquema estratégico para orientar suas jogadoras. Nesse esquema, as distâncias nos eixos x e y são dadas em metros e o time ataca no sentido positivo do eixo x. De acordo com essa estratégia, uma jogadora posicionada na quadra no local correspondente ao ponto R = (2, –2), de frente para o ataque, recebeu a orientação para se deslocar 2 metros para a sua esquerda, e, em seguida, 3 metros em direção ao ataque. Nessa situação, a nova posição dessa jogadora corresponderá, no plano cartesiano, ao ponto;(2, –4).;(4, –5).;(4, 1).;(–1, 0).;(5, 0).;0
2011;148;MT;72124;C;10;0;;2.21598;1.31369;0.1587;Cinza;130;;;;REGULAR;ENEM_2011_P1_CAD_06_DIA_2_CINZA_LEDOR.pdf;Em 2010, um caos aéreo afetou o continente europeu, devido à quantidade de fumaça expelida por um vulcão na Islândia, o que levou ao cancelamento de inúmeros voos. Cinco dias após o início desse caos, todo o espaço aéreo europeu acima de 6 000 metros estava liberado, com exceção do espaço aéreo da Finlândia. Lá, apenas voos internacionais acima de 31 mil pés estavam liberados. Considere que 1 metro equivale a aproximadamente 3,3 pés. Qual a diferença, em pés, entre as altitudes liberadas na Finlândia e no restante do continente europeu cinco dias após o início do caos?;3 390 pés.;9 390 pés.;11 200 pés.;19 800 pés.;50 800 pés.;0
2011;149;MT;72786;B;22;0;;1.55058;2.08849;0.12411;Cinza;130;;;;REGULAR;ENEM_2011_P1_CAD_06_DIA_2_CINZA_LEDOR.pdf;Um bairro de uma cidade foi planejado em uma região plana. Em um plano de coordenadas cartesianas, cujas distâncias nos eixos x e y são dadas em quilômetros, esse bairro está representado no segundo quadrante. Nesse plano cartesiano, a reta de equação y = x + 4 representa o planejamento da linha do metrô subterrâneo que atravessará o bairro e outras regiões da cidade. Nessa representação, o ponto P = (–5, 5) corresponde ao hospital público do bairro. A comunidade solicitou ao comitê de planejamento que fosse prevista uma estação do metrô cuja distância ao hospital, medida em linha reta, não fosse maior que 5 km. Atendendo ao pedido da comunidade, o comitê argumentou corretamente que isso seria automaticamente satisfeito, pois já estava prevista a construção de uma estação no ponto;(–5, 0).;(–3, 1).;(–2, 1).;(0, 4).;(2, 6).;0
2011;150;MT;75795;A;23;0;;1.91763;2.20242;0.17835;Cinza;130;;;;REGULAR;ENEM_2011_P1_CAD_06_DIA_2_CINZA_LEDOR.pdf;O Índice de Massa Corporal (IMC) é largamente utilizado há cerca de 200 anos, mas esse cálculo representa muito mais a corpulência que a adiposidade, uma vez que indivíduos musculosos e obesos podem apresentar o mesmo IMC. Uma nova pesquisa aponta o Índice de Adiposidade Corporal (IAC) como uma alternativa mais fidedigna para quantificar a gordura corporal, utilizando a medida do quadril e a altura. A descrição abaixo mostra como calcular essas medidas, sabendo-se que, em mulheres, a adiposidade normal está entre 19% e 26%. O velho IMC Índice de Massa Corporal (IMC) IMC = massa (kg) / [altura \times altura (m)] O novo IAC Índice de Adiposidade Corporal (IAC) % de Gordura Corporal = circunferência do quadril (cm) / [altura (m) \times raiz quadrada da altura (m)] - 18 Uma jovem com IMC = 20 kg/m^2, 100 cm de circunferência dos quadris e 60 kg de massa corpórea resolveu averiguar seu IAC. Para se enquadrar aos níveis de normalidade de gordura corporal, a atitude adequada que essa jovem deve ter diante da nova medida é (Use );reduzir seu excesso de gordura em cerca de 1%.;reduzir seu excesso de gordura em cerca de 27%.;manter seus níveis atuais de gordura.;aumentar seu nível de gordura em cerca de 1%.;aumentar seu nível de gordura em cerca de 27%.;0
2011;151;MT;72821;D;8;0;;1.56479;1.83743;0.12533;Cinza;130;;;;REGULAR;ENEM_2011_P1_CAD_06_DIA_2_CINZA_LEDOR.pdf;Um hexágono regular é invariante por rotações, em torno de seu centro, de;15º.;30º.;45º.;60º.;75º.;0
2011;152;MT;75890;E;18;0;;2.1861;0.61239;0.13381;Cinza;130;;;;REGULAR;ENEM_2011_P1_CAD_06_DIA_2_CINZA_LEDOR.pdf;Observe as dicas para calcular a quantidade certa de alimentos e bebidas para as festas de fim de ano: \bullet Para o prato principal, estime 250 gramas de carne para cada pessoa. \bullet Um copo americano cheio de arroz rende o suficiente para quatro pessoas. \bullet Para a farofa, calcule quatro colheres de sopa por convidado. \bullet Uma garrafa de vinho serve seis pessoas. \bullet Uma garrafa de cerveja serve duas. \bullet Uma garrafa de espumante serve três convidados. Quem organiza festas faz esses cálculos em cima do total de convidados, independente do gosto de cada um. Um anfitrião decidiu seguir essas dicas ao se preparar para receber 30 convidados para a ceia de Natal. Para seguir essas orientações à risca, o anfitrião deverá dispor de;120 kg de carne, 7 copos americanos e meio de arroz, 120 colheres de sopa de farofa, 5 garrafas de vinho, 15 de cerveja e 10 de espumante.;120 kg de carne, 7 copos americanos e meio de arroz, 120 colheres de sopa de farofa, 5 garrafas de vinho, 30 de cerveja e 10 de espumante.;75 kg de carne, 7 copos americanos e meio de arroz, 120 colheres de sopa de farofa, 5 garrafas de vinho, 15 de cerveja e 10 de espumante.;7,5 kg de carne, 7 copos americanos, 120 colheres de sopa de farofa, 5 garrafas de vinho, 30 de cerveja e 10 de espumante.;7,5 kg de carne, 7 copos americanos e meio de arroz, 120 colheres de sopa de farofa, 5 garrafas de vinho, 15 de cerveja e 10 de espumante.;0
2011;153;MT;72056;C;27;0;;2.29585;0.9001;0.15579;Cinza;130;;;;REGULAR;ENEM_2011_P1_CAD_06_DIA_2_CINZA_LEDOR.pdf;"A participação dos estudantes na Olimpíada Brasileira de Matemática das Escolas Públicas (OBMEP) aumenta a cada ano. O percentual de medalhistas de ouro, por região, nas edições da OBMEP de 2005 a 2009 foi o seguinte: \bullet Região Norte: em 2005, 2%; em 2006, 2%; em 2007, 1%; em 2008, 2%; em 2009, 1%; \bullet Região Nordeste: em 2005, 18%; em 2006, 19%; em 2007, 21%; em 2008, 15%; em 2009, 19%; \bullet Região Centro-Oeste: em 2005, 5%; em 2006, 6%; em 2007, 7%; em 2008, 8%; em 2009, 9%; \bullet Região Sudeste: em 2005, 55%; em 2006, 61%; em 2007, 58%; em 2008, 66%; em 2009, 60%; \bullet Região Sul: em 2005, 21%; em 2006, 12%; em 2007, 13%; em 2008, 9%; em 2009, 11%. Em relação às edições de 2005 a 2009 da OBMEP, qual o percentual médio de medalhistas de ouro da região Nordeste?";14,6%;18,2%;18,4%;19,0%;21,0%;0
2011;154;MT;70423;E;15;0;;1.42032;0.78256;0.16611;Cinza;130;;;;REGULAR;ENEM_2011_P1_CAD_06_DIA_2_CINZA_LEDOR.pdf;As frutas que antes se compravam por dúzias, hoje em dia, podem ser compradas por quilogramas, existindo também a variação dos preços de acordo com a época de produção. Considere que, independente da época ou variação de preço, certa fruta custa R$ 1,75 o quilograma. Entre as equações a seguir, a que representa o preço m pago em reais pela compra de n quilogramas desse produto é;m = 1,75 n .;m = 1,75 (n + 1).;$m = 1,75 n^{2}$;m = 1,75 (n – 1).;m = 1,75 n.;0
2011;155;MT;70432;D;4;0;;2.20311;2.1416;179;Cinza;130;;;;REGULAR;ENEM_2011_P1_CAD_06_DIA_2_CINZA_LEDOR.pdf;"Um jovem investidor precisa escolher o investimento que lhe trará maior retorno financeiro em uma aplicação de R$ 500,00. Para isso, pesquisa o rendimento e o imposto a ser pago em dois investimentos: poupança e certificado de depósito bancário (CDB). As informações obtidas foram as seguintes: \bullet poupança: 0,560% de rendimento mensal, isento de desconto de imposto de renda; \bullet CDB: 0,876% de rendimento mensal, com 4% de desconto de imposto de renda, calculados sobre o ganho. Para o jovem investidor, ao final de um mês, a aplicação mais vantajosa é";a poupança, pois totalizará um montante de R$ 502,80.;a poupança, pois totalizará um montante de R$ 500,56.;o CDB, pois totalizará um montante de R$ 504,38.;o CDB, pois totalizará um montante de R$ 504,21.;o CDB, pois totalizará um montante de R$ 500,87.;0
2011;156;MT;71832;B;25;0;;1.94736;2.51656;0.17967;Cinza;130;;;;REGULAR;ENEM_2011_P1_CAD_06_DIA_2_CINZA_LEDOR.pdf;"Os dados a seguir descrevem o consumo mensal, em kWh, dos consumidores residenciais e dos de baixa renda, antes e depois da redução da tarifa de energia no estado de Pernambuco. Como fica a tarifa \bullet para consumidores residenciais ◦ consumo mensal de 140 kWh – antes: R$ 71,04; depois: R$ 64,75; economia: R$ 6,29; ◦ consumo mensal de 185 kWh – antes: R$ 93,87; depois: R$ 85,56; economia: R$ 8,32; ◦ consumo mensal de 350 kWh – antes: R$ 177,60; depois: R$ 161,86; economia: R$ 15,74; ◦ consumo mensal de 500 kWh – antes: R$ 253,72; depois: R$ 231,24; economia: R$ 22,48; \bullet para consumidores de baixa renda ◦ consumo mensal de 30 kWh – antes: R$ 3,80; depois: R$ 3,35; economia: R$ 0,45; ◦ consumo mensal de 65 kWh – antes: R$ 11,53; depois: R$ 10,04; economia: R$ 1,49; ◦ consumo mensal de 80 kWh – antes: R$ 14,84; depois: R$ 12,90; economia: R$ 1,94; ◦ consumo mensal de 100 kWh – antes: R$ 19,31; depois: R$ 16,73; economia: R$ 2,59; ◦ consumo mensal de 140 kWh – antes: R$ 32,72; depois: R$ 28,20; economia: R$ 4,53. Considere dois consumidores: um que é de baixa renda e gastou 100 kWh e outro do tipo residencial que gastou 185 kWh. A diferença entre o gasto desses consumidores com 1 kWh, depois da redução da tarifa de energia, mais aproximada, é de";R$ 0,27.;R$ 0,29.;R$ 0,32.;R$ 0,34.;R$ 0,61.;0
2011;157;MT;70201;B;8;0;;1.63;2.90487;0.21354;Cinza;130;;;;REGULAR;ENEM_2011_P1_CAD_06_DIA_2_CINZA_LEDOR.pdf;Para forrar a mesa de jantar, uma senhora verificou que só possuía uma toalha limpa, pois todas as outras estavam na máquina de lavar. O tampo da mesa tem o formato de um quadrado de lado 1, 20 m, mas a única toalha disponível para forrar a mesa é redonda, com a forma de um círculo. Para que essa toalha redonda cubra a área total do tampo da mesa quadrada, qual deve ser a medida aproximada do seu diâmetro, em metros?;1,20 m;1,70 m;1,60 m;0,80 m;0,60 m;0
2011;158;MT;70540;C;19;0;;2.96462;3137;0.14003;Cinza;130;;;;REGULAR;ENEM_2011_P1_CAD_06_DIA_2_CINZA_LEDOR.pdf;O saldo de contratações no mercado formal no setor varejista da região metropolitana de São Paulo registrou alta. Comparando as contratações deste setor no mês de fevereiro com as de janeiro deste ano, houve incremento de 4 300 vagas no setor, totalizando 880 605 trabalhadores com carteira assinada. Suponha que o incremento de trabalhadores no setor varejista seja sempre o mesmo nos seis primeiros meses do ano. Considerando-se que y e x representam, respectivamen- te, as quantidades de trabalhadores no setor varejista e os meses, janeiro sendo o primeiro, fevereiro, o segundo, e assim por diante, a expressão algébrica que relaciona essas quantidades nesses meses é;y = 4 300x;y = 884 905x;y = 872 005 + 4 300x;y = 876 305 + 4 300x;y = 880 605 + 4 300x;0
2011;159;MT;70461;D;2;0;;1.23541;0.4856;0.05802;Cinza;130;;;;REGULAR;ENEM_2011_P1_CAD_06_DIA_2_CINZA_LEDOR.pdf;"O número mensal de passagens de uma determinada empresa aérea aumentou no ano passado nas seguintes condições: em janeiro foram vendidas 33 000 passagens; em fevereiro, 34 500; em março, 36 000. Esse padrão de crescimento se mantém para os meses subsequentes. Quantas passagens foram vendidas por essa empresa em julho do ano passado?";38 000;40 500;41 000;42 000;48 000;0
2011;160;MT;70034;A;23;0;;2.87279;1.68092;0.16149;Cinza;130;;;;REGULAR;ENEM_2011_P1_CAD_06_DIA_2_CINZA_LEDOR.pdf;O prefeito de uma cidade deseja construir uma rodovia para dar acesso a outro município. Para isso, foi aberta uma licitação na qual concorreram duas empresas. A primeira cobrou R$ 100 000,00 por km construído (n), acrescidos de um valor fixo de R$ 350 000,00, enquanto a segunda cobrou R$ 120 000,00 por km construído (n), acrescidos de um valor fixo de R$ 150 000,00. As duas empresas apresentam o mesmo padrão de qualidade dos serviços prestados, mas apenas uma delas poderá ser contratada. Do ponto de vista econômico, qual equação possibilitaria encontrar a extensão da rodovia que tornaria indiferente para a prefeitura escolher qualquer uma das propostas apresentadas?;100n + 350 = 120n + 150;100n + 150 = 120n + 350;100(n + 350) = 120(n + 150);100(n + 350 000) = 120(n + 150 000);350(n + 100 000) = 150(n + 120 000);0
2011;161;MT;72028;C;3;0;;2.27622;2.37639;0.23999;Cinza;130;;;;REGULAR;ENEM_2011_P1_CAD_06_DIA_2_CINZA_LEDOR.pdf;Uma pessoa aplicou certa quantia em ações. No primeiro mês, ela perdeu 30% do total do investimento e, no segundo mês, recuperou 20% do que havia perdido. Depois desses dois meses, resolveu tirar o montante de R$ 3 800,00 gerado pela aplicação. A quantia inicial que essa pessoa aplicou em ações corresponde ao valor de;R$ 4 222,22.;R$ 4 523,80.;R$ 5 000,00.;R$ 13 300,00.;R$ 17 100,00.;0
2011;162;MT;70238;B;3;0;;2.74865;1.47857;0.21513;Cinza;130;;;;REGULAR;ENEM_2011_P1_CAD_06_DIA_2_CINZA_LEDOR.pdf;Cerca de 20 milhões de brasileiros vivem na região coberta pela caatinga, em quase 800 mil km^{2} de área. Quando não chove, o homem do sertão e sua família precisam caminhar quilômetros em busca da água dos açudes. A irregularidade climática é um dos fatores que mais interferem na vida do sertanejo. Segundo este levantamento, a densidade demográfica da região coberta pela caatinga, em habitantes por km^{2}, é de;250.;25.;2,5.;0,25.;0,025.;0
2011;163;MT;71187;E;30;0;;1.63381;2.36775;0.09676;Cinza;130;;;;REGULAR;ENEM_2011_P1_CAD_06_DIA_2_CINZA_LEDOR.pdf;"Rafael mora no Centro de uma cidade e decidiu se mudar, por recomendações médicas, para uma das regiões: Rural, Comercial, Residencial Urbano ou Residencial Suburbano. A principal recomendação médica foi com as temperaturas das “ilhas de calor” da região, que deveriam ser inferiores a 31^\circC. Tais temperaturas são especificadas a seguir: Perfil da ilha de calor urbana \bullet Rural: 29,5 ºC; \bullet Comercial: 31,2 ºC; \bullet Centro: 33,4 ºC; \bullet Residencial Urbano: 30,2 ºC; \bullet Residencial Suburbano: 29,6 ºC. Escolhendo, aleatoriamente, uma das outras regiões para morar, a probabilidade de ele escolher uma região que seja adequada às recomendações médicas é";um quinto.;um quarto.;dois quintos.;três quintos.;três quartos.;0
2011;164;MT;70198;D;16;0;;1.92502;1.29983;0.1805;Cinza;130;;;;REGULAR;ENEM_2011_P1_CAD_06_DIA_2_CINZA_LEDOR.pdf;Muitas medidas podem ser tomadas em nossas casas visando à utilização racional de energia elétrica. Isso deve ser uma atitude diária de cidadania. Uma delas pode ser a redução do tempo no banho. Um chuveiro com potência de 4 800 W consome 4,8 kW por hora. Uma pessoa que toma dois banhos diariamente, de 10 minutos cada, consumirá, em sete dias, quantos kW?;0,8;1,6;5,6;11,2;33,6;0
2011;165;MT;72788;B;26;0;;1.64337;1.86905;0.20692;Cinza;130;;;;REGULAR;ENEM_2011_P1_CAD_06_DIA_2_CINZA_LEDOR.pdf;"Duílio e Sandra querem alcançar seu peso ideal a partir de atividades físicas (corrida). Atualmente, eles apresentam o seguinte perfil biométrico: \bullet Duílio – idade: 50 anos; altura: 1,88 metro; peso: 96,4 quilos; peso ideal: 94,5 quilos; \bullet Sandra – idade: 42 anos; altura: 1,70 metro; peso: 84 quilos; peso ideal: 77 quilos. Para se verificar a escala de obesidade, foi desenvolvida a fórmula por meio da qual é possível determinar o Índice de Massa Corporal (IMC), qual seja, IMC = m/h^{2}, em que m é a massa em quilogramas e h é a altura em metros. A partir desse índice, criou-se a seguinte Escala de Índice de Massa Corporal: \bullet IMC abaixo de 14,5 kg/m^{2} – categoria: desnutrição; \bullet IMC de 14,5 kg/m^{2} a 20 kg/m^{2} – categoria: peso abaixo do normal; \bullet IMC de 20 kg/m^{2} a 24,9 kg/m^{2} – categoria: peso normal; \bullet IMC de 25 kg/m^{2} a 29,9 kg/m^{2} – categoria: sobrepeso; \bullet IMC de 30 kg/m^{2} a 39,9 kg/m^{2} – categoria: obesidade; \bullet IMC igual ou acima de 40 kg/m^{2} – categoria: obesidade mórbida. A partir dos dados biometricos de Duílio e Sandra e da Escala de IMC, o valor IMC e a categoria em que cada uma das pessoas se posiciona na Escala são";Duílio tem o IMC 26,7 e Sandra tem o IMC 26,6, estando ambos na categoria de sobrepeso.;Duílio tem o IMC 27,3 e Sandra tem o IMC 29,1, estando ambos na categoria de sobrepeso.;Duílio tem o IMC 27,3 e Sandra tem o IMC 26,6, estando ambos na categoria de sobrepeso.;Duílio tem o IMC 25,6, estando na categoria de sobrepeso, e Sandra tem o IMC 24,7, estando na categoria de peso normal.;Duílio tem o IMC 25,1, estando na categoria de sobrepeso, e Sandra tem o IMC 22,6, estando na categoria de peso normal.;0
2011;166;MT;70405;A;9;0;;1.6024;1.2153;0.14692;Cinza;130;;;;REGULAR;ENEM_2011_P1_CAD_06_DIA_2_CINZA_LEDOR.pdf;O atletismo é um dos esportes que mais se identificam com o espírito olímpico. Uma pista de atletismo é composta por dois trechos retos, conectados por dois trechos circulares, formando um circuito fechado. Esse circuito é dividido em oito raias, numeradas do centro da pista para a extremidade. Considere que, em determinada corrida, oito atletas, posicionados em uma das partes retas da pista, um ao lado do outro, iniciem a corrida ao mesmo tempo. Nessa situação, será beneficiado o atleta que correr na raia;1.;4.;5.;7.;8.;0
2011;167;MT;70053;D;16;0;;1.81642;1.0908;0.24672;Cinza;130;;;;REGULAR;ENEM_2011_P1_CAD_06_DIA_2_CINZA_LEDOR.pdf;Nos últimos cinco anos, 32 mil mulheres de 20 a 24 anos foram internadas nos hospitais do SUS por causa de AVC. Entre os homens da mesma faixa etária, houve 28 mil internações pelo mesmo motivo. Suponha que, nos próximos cinco anos, haja um acréscimo de 8 mil internações de mulheres e que o acréscimo de internações de homens por AVC ocorra na mesma proporção. De acordo com as informações dadas, o número de homens que seriam internados por AVC, nos próximos cinco anos, corresponderia a;4 mil.;9 mil.;21 mil.;35 mil.;39 mil.;0
2011;168;MT;71127;C;29;0;;2.06737;1.89008;0.24604;Cinza;130;;;;REGULAR;ENEM_2011_P1_CAD_06_DIA_2_CINZA_LEDOR.pdf;Em um jogo disputado em uma mesa de sinuca, há 16 bolas: 1 branca e 15 coloridas, as quais, de acordo com a coloração, valem de 1 a 15 pontos (um valor para cada bola colorida). O jogador acerta o taco na bola branca de forma que esta acerte as outras, com o objetivo de acertar duas das quinze bolas em quaisquer caçapas. Os valores dessas duas bolas são somados e devem resultar em um valor escolhido pelo jogador antes do início da jogada. Arthur, Bernardo e Caio escolhem os números 12, 17 e 22 como sendo resultados de suas respectivas somas. Com essa escolha, quem tem a maior probabilidade de ganhar o jogo é;Arthur, pois a soma que escolheu é a menor.;Bernardo, pois há 7 possibilidades de compor a soma escolhida por ele, contra 4 possibilidades para a escolha de Arthur e 4 possibilidades para a escolha de Caio.;Bernardo, pois há 7 possibilidades de compor a soma escolhida por ele, contra 5 possibilidades para a escolha de Arthur e 4 possibilidades para a escolha de Caio.;Caio, pois há 10 possibilidades de compor a soma escolhida por ele, contra 5 possibilidades para a escolha de Arthur e 8 possibilidades para a escolha de Bernardo.;Caio, pois a soma que escolheu é a maior.;0
2011;169;MT;71130;C;12;0;;2.08886;2.57501;0.18102;Cinza;130;;;;REGULAR;ENEM_2011_P1_CAD_06_DIA_2_CINZA_LEDOR.pdf;É possível usar água ou comida para atrair as aves e observá-las. Muitas pessoas costumam usar água com açúcar, por exemplo, para atrair beija-flores. Mas é importante saber que, na hora de fazer a mistura, você deve sempre usar uma parte de açúcar para cinco partes de água. Além disso, em dias quentes, precisa trocar a água de duas a três vezes, pois com o calor ela pode fermentar e, se for ingerida pela ave, pode deixá- la doente. O excesso de açúcar, ao cristalizar, também pode manter o bico da ave fechado, impedindo-a de se alimentar. Isso pode até matá-la. Pretende-se encher completamente um copo com a mistura para atrair beija-flores. O copo tem formato cilíndrico, e suas medidas são 10 cm de altura e 4 cm de diâmetro. A quantidade de água que deve ser utilizada na mistura é cerca de (utilize \pi = 3);20 mL.;24 mL.;100 mL.;120 mL.;600 mL.;0
2011;170;MT;72687;D;28;0;;2.45814;2.11927;0.18911;Cinza;130;;;;REGULAR;ENEM_2011_P1_CAD_06_DIA_2_CINZA_LEDOR.pdf;"Em pesquisa realizada pelo Comitê Gestor da Internet, foram coletadas as informações seguintes, relativas à velocidade de conexão à internet em domicílios brasileiros. Percentual de domicílios de acordo com a velocidade de conexão à internet \bullet até 256 kbps – 34%; \bullet entre 256 kbps e 1 Mbps – 20%; \bullet de 1 Mbps a 2 Mbps – 15%; \bullet entre 2 Mbps e 4 Mbps – 5%; \bullet de 4 Mbps a 8 Mbps – 1%; \bullet acima de 8 Mbps – 1%; \bullet não sabe / não respondeu – 24%. Escolhendo-se, aleatoriamente, um domicílio pesquisado, qual a chance de haver banda larga de conexão de pelo menos 1 Mbps neste domicílio?";0,45;0,42;0,3;0,22;0,15;0
2011;171;MT;70445;C;28;0;;2.83067;1.45097;0.18616;Cinza;130;;;;REGULAR;ENEM_2011_P1_CAD_06_DIA_2_CINZA_LEDOR.pdf;"Todo o país passa pela primeira fase de campanha de vacinação contra a gripe suína (H1N1). Segundo um médico infectologista do Instituto Emílio Ribas, de São Paulo, a imunização “deve mudar”, no país, a história da epidemia. Com a vacina, de acordo com ele, o Brasil tem a chance de barrar uma tendência do crescimento da doença, que já matou 17 mil no mundo. Os dados seguintes referem-se a um único posto de Campanha de vacinação contra a gripe suína \bullet data de vacinação: 8 a 19 de março; público alvo: trabalhadores da saúde e indígenas; quantidade de pessoas vacinadas: 42; \bullet data de vacinação: 22 de março a 2 de abril; público alvo: portadores de doenças crônicas; quantidade de pessoas vacinadas: 22; \bullet data de vacinação: 5 a 23 de abril; público alvo: adultos saudáveis entre 20 e 29 anos; quantidade de pessoas vacinadas: 56; \bullet data de vacinação: 24 de abril a 7 de maio; público alvo: população com mais de 60 anos; quantidade de pessoas vacinadas: 30; \bullet data de vacinação: 10 a 21 de maio; público alvo: adultos saudáveis entre 30 e 39 anos; quantidade de pessoas vacinadas: 50. Escolhendo-se aleatoriamente uma pessoa atendida nesse posto de vacinação, a probabilidade de ela ser portadora de doença crônica é";8%.;9%.;11%.;12%.;22%.;0
2011;172;MT;73038;D;21;0;;2.53869;1.66527;0.23544;Cinza;130;;;;REGULAR;ENEM_2011_P1_CAD_06_DIA_2_CINZA_LEDOR.pdf;Uma indústria fabrica um único tipo de produto e sempre vende tudo o que produz. O custo total para fabricar uma quantidade q de produtos é dado por uma função, simbolizada por CT, enquanto o faturamento que a empresa obtém com a venda da quantidade q também é uma função, simbolizada por FT. O lucro total (LT) obtido pela venda da quantidade q de produtos é dado pela expressão LT(q) = FT(q) – CT(q). Considerando-se as funções FT(q) = 5q e CT(q) = 2q + 12 como faturamento e custo, qual a quantidade mínima de produtos que a indústria terá de fabricar para não ter prejuízo?;0;1;3;4;5;0
2011;173;MT;71864;D;15;0;;2.00926;1.20709;0.19016;Cinza;130;;;;REGULAR;ENEM_2011_P1_CAD_06_DIA_2_CINZA_LEDOR.pdf;"Uma empresa de telefonia fixa oferece dois planos aos seus clientes: no plano K, o cliente paga R$ 29,90 por 200 minutos mensais e R$ 0,20 por minuto excedente; no plano Z, paga R$ 49,90 por 300 minutos mensais e R$ 0,10 por minuto excedente. Os gráficos das funções correspondentes aos planos K e Z foram representados em um plano cartesiano, em que no eixo das abscissas estão representados os minutos, de 0 a 500, em intervalos de 100, e no eixo das ordenadas estão representados os seguintes valores em reais: 29,90; 39,90; 49,90; 59,90; 69,90; 79,90 e 89,90. A descrição dos gráficos que representam os valores pagos, em reais, em cada um dos planos K e Z, em função dos minutos utilizados, é";"gráfico do plano K: para x entre 0 e 200, segmento de reta horizontal de altura inferior a R$ 29,90; para x entre 200 e 500, segmento de reta com inclinação positiva; gráfico do plano Z: para x entre 0 e 300, segmento de reta horizontal de altura igual a R$ 49,90; para x entre 300 e 500, segmento de reta com inclinação positiva, idêntica à inclinação do segmento de reta K(x), para x entre 300 e 500.";"gráfico do plano K: para x entre 0 e 200, segmento de reta horizontal de altura igual a R$ 29,90; para x entre 200 e 500, segmento de reta com inclinação positiva; gráfico do plano Z: para x entre 0 e 200, segmento de reta horizontal de altura igual a R$ 49,90; para x entre 200 e 500, segmento de reta com inclinação positiva e inferior à inclinação do segmento de reta K(x), para x entre 200 e 500.";"gráfico do plano K: para x entre 0 e 200, segmento de reta horizontal de altura igual a R$ 29,90; para x entre 200 e 500, segmento de reta com inclinação positiva; gráfico do plano Z: para x entre 0 e 300, segmento de reta horizontal de altura igual a R$ 49,90; para x entre 300 e 500, mesmo segmento de reta correspondente ao gráfico de K(x), para x entre 300 e 500.";"gráfico do plano K: para x entre 0 e 200, segmento de reta horizontal de altura igual a R$ 29,90; para x entre 200 e 500,  segmento de reta com inclinação positiva; gráfico do plano Z: para x entre 0 e 300, segmento de reta horizontal de altura igual a R$ 49,90; para x entre 300 e 500, segmento de reta com inclinação positiva e inferior à inclinação do segmento de reta K(x), para x entre 300 e 500.";"gráfico do plano K: para x entre 0 e 300, segmento de reta horizontal de altura igual a R$ 29,90; para x entre 300 e 500, segmento de reta com inclinação positiva; gráfico do plano Z: para x entre 0 e 300, segmento de reta horizontal de altura igual a R$ 49,90; para x entre 300 e 500, segmento de reta com inclinação positiva e inferior à inclinação do segmento de reta K(x), para x entre 300 e 500.";0
2011;174;MT;70745;C;19;0;;2.74436;1698;0.2011;Cinza;130;;;;REGULAR;ENEM_2011_P1_CAD_06_DIA_2_CINZA_LEDOR.pdf;A resistência das vigas de dado comprimento é diretamente proporcional à largura (b) e ao quadrado da altura (d). A constante de proporcionalidade k varia de acordo com o material utilizado na sua construção. Considerando-se S como a resistência, a representação algébrica que exprime essa relação é;S = k vezes b vezes d;S = b vezes (d ao quadrado);S = k vezes b vezes (d ao quadrado);S = k vezes b dividido por (d ao quadrado);S = k vezes (d ao quadrado) dividido por b;0
2011;175;MT;71636;C;17;0;;3.03092;2.35596;0.17;Cinza;130;;;;REGULAR;ENEM_2011_P1_CAD_06_DIA_2_CINZA_LEDOR.pdf;"Considere que uma pessoa decida investir uma determinada quantia e que lhe sejam apresentadas três possibilidades de investimento, com rentabilidades líquidas garantidas pelo período de um ano, conforme descritas: Investimento A: 3% ao mês Investimento B: 36% ao ano Investimento C: 18% ao semestre As rentabilidades, para esses investimentos, incidem sobre o valor do período anterior. O quadro fornece algumas aproximações para a análise das rentabilidades: As rentabilidades, para esses investimentos, incidem sobre o valor do período anterior. Para análise das rentabilidades, considere 1,093 como valor aproximado para 1,$03^{3}$; 1,194 como valor aproximado para 1,$03^{6}$; 1,305 como valor aproximado para 1,$03^{9}$ e 1,426 como valor aproximado para 1,$03^{12}$. Para escolher o investimento com a maior rentabilidade anual, essa pessoa deverá";escolher qualquer um dos investimentos A, B ou C, pois as suas rentabilidades anuais são iguais a 36%.;escolher os investimentos A ou C, pois suas rentabilidades anuais são iguais a 39%.;escolher o investimento A, pois a sua rentabilidade anual é maior que as rentabilidades anuais dos investimentos B e C.;escolher o investimento B, pois sua rentabilidade de 36% é maior que as rentabilidades de 3% do investimento A e de 18% do investimento C.;escolher o investimento C, pois sua rentabilidade de 39% ao ano é maior que a rentabilidade de 36% ao ano dos investimentos A e B.;0
2011;176;MT;70406;E;2;0;;2.2181;2.68569;0.13379;Cinza;130;;;;REGULAR;ENEM_2011_P1_CAD_06_DIA_2_CINZA_LEDOR.pdf;O setor de recursos humanos de uma empresa vai realizar uma entrevista com 120 candidatos a uma vaga de contador. Por sorteio, eles pretendem atribuir a cada candidato um número, colocar a lista de números em ordem numérica crescente e usá-la para convocar os interessados. Acontece que, por um defeito do computador, foram gerados números com 5 algarismos distintos e, em nenhum deles, apareceram dígitos pares. Em razão disso, a ordem de chamada do candidato que tiver recebido o número 75 913 é;24.;31.;32.;88.;89.;0
2011;177;MT;72644;C;25;0;;1.65137;0.45335;0.2265;Cinza;130;;;;REGULAR;ENEM_2011_P1_CAD_06_DIA_2_CINZA_LEDOR.pdf;Uma enquete, realizada em março de 2010, perguntava aos internautas se eles acreditavam que as atividades humanas provocam o aquecimento global. Eram três as alternativas possíveis e 279 internautas responderam à enquete, tendo 67% deles respondido SIM, 25% respondido NÃO e 8% respondido NÃO SEI AVALIAR. De acordo com essas informações, quantos internautas responderam “NÃO” à enquete?;Menos de 23.;Mais de 23 e menos de 25.;Mais de 50 e menos de 75.;Mais de 100 e menos de 190.;Mais de 200.;0
2011;178;MT;72909;A;24;0;;2.87235;1.96767;0.15109;Cinza;130;;;;REGULAR;ENEM_2011_P1_CAD_06_DIA_2_CINZA_LEDOR.pdf;"A cor de uma estrela tem relação com a temperatura em sua superfície. Estrelas não muito quentes (cerca de 3 000 K) parecem avermelhadas. Já as estrelas amarelas, como o Sol, possuem temperatura em torno dos 6 000 K; as mais quentes são brancas ou azuis porque sua temperatura fica acima dos 10 000 K. De acordo com os parâmetros temperatura e luminosidade, as estrelas recebem a seguinte classificação, tomando-se a luminosidade do Sol como unidade: \bullet classe espectral M0 – temperatura: 3 480 K; luminosidade: 0,06; \bullet classe espectral G2 – temperatura: 5 770 K; luminosidade: 1; \bullet classe espectral A0 – temperatura: 9 900 K; luminosidade: 80; \bullet classe espectral B0 – temperatura: 28 000 K; luminosidade: 2 \times $10^{4}$; \bullet classe espectral O5 – temperatura: 40 000 K; luminosidade: 5 \times $10^{5}$. Se tomarmos uma estrela que tenha temperatura da ordem de 5 vezes a temperatura do Sol, qual será a ordem de grandeza de sua luminosidade?";20 000 vezes a luminosidade do Sol.;28 000 vezes a luminosidade do Sol.;28 850 vezes a luminosidade do Sol.;30 000 vezes a luminosidade do Sol.;50 000 vezes a luminosidade do Sol.;0
2011;142;MT;70038;E;2;0;;1.56364;2.07818;0.11765;Cinza;136;;;;REAPLICACAO_PPL;ENEM_2011_P2_CAD_06_DIA_2_CINZA.pdf;"Atualmente existem muitos aplicativos de fazendas virtuais que, apesar de críticas, possuem uma enorme quantidade de usuários. Embora apresentem algumas diferenças de funcionamento, as fazendas virtuais possuem a mesma concepção: cada vez que o usuário cuida de sua fazenda ou da de seus amigos, ganha pontos, e, quanto mais pontos acumula, maior é seu nível de experiência. Em um aplicativo de fazenda virtual, o usuário precisa de 1 000 pontos para atingir o nível 1. Acumulando mais 1 200 pontos, atinge o nível 2; acumulando mais 1 400 pontos, atinge o nível 3 e assim por diante, sempre com esse padrão. Um usuário que está no nível 15 de experiência acumulou";3 800 pontos.;15 200 pontos.;32 200 pontos.;35 000 pontos.;36 000 pontos.;0
2011;145;MT;70193;D;16;0;;1.99589;1.70681;0.15544;Cinza;136;;;;REAPLICACAO_PPL;ENEM_2011_P2_CAD_06_DIA_2_CINZA.pdf;Pedro ganhou R$ 360 000,00 em uma loteria federal e resolveu dividir integralmente o prêmio entre os seus três filhos, Ana, Renato e Carlos, de forma que cada um receba uma quantia que seja inversamente proporcional às suas idades. Sabendo que Ana tem 4 anos, Renato, 5 anos e Carlos, 20 anos, eles receberão, respectivamente,;"R$ 54 000,00; R$ 216 000,00 e R$ 90 000,00.";"R$ 90 000,00; R$ 54 000,00 e R$ 216 000,00.";"R$ 216 000,00; R$ 90 000,00 e R$ 54 000,00.";"R$ 180 000,00; R$ 144 000,00 e R$ 36 000,00.";"R$ 180 000,00; R$ 120 000,00 e R$ 60 000,00.";0
2011;138;MT;70243;C;14;0;;2.31628;0.68656;0.19073;Cinza;136;;;;REAPLICACAO_PPL;ENEM_2011_P2_CAD_06_DIA_2_CINZA.pdf;O Sr. José compra água do vizinho para irrigar sua plantação, situada em um terreno na forma de um quadrado de 30 m de lado. Ele paga R$ 100,00 mensais pela água que consome. A água é levada a seu terreno através de tubos em forma de cilindros de ½ polegada de diâmetro. Visando expandir sua plantação, o Sr. José adquire um terreno com o mesmo formato que o seu, passando a possuir um terreno em forma retangular, com 30 m de comprimento e 60 m de largura. Quanto ele deve pagar a seu vizinho por mês, pela água que passará a consumir?;R$ 100,00;R$ 180,00;R$ 200,00;R$ 240,00;R$ 300,00;0
2011;152;MT;70344;B;16;0;;1.38737;1.78343;0.14443;Cinza;136;;;;REAPLICACAO_PPL;ENEM_2011_P2_CAD_06_DIA_2_CINZA.pdf;Em uma fábrica de bebidas, a máquina que envasa refrigerantes é capaz de encher 150 garrafas de 2 L a cada minuto e funcionar ininterruptamente durante 8 horas por dia. Para atender uma encomenda de 198 000 garrafas de 2 L, a máquina é colocada para funcionar todos os dias, a partir do dia 10, sempre das 8 h às 16 h. A máquina terminará essa tarefa no dia;11, às 14 h.;12, às 14 h.;13, às 14 h.;12, às 8 h 06 min.;13, às 8 h 06 min.;0
2011;159;MT;70496;A;29;0;;2.28103;2.8907;0.16055;Cinza;136;;;;REAPLICACAO_PPL;ENEM_2011_P2_CAD_06_DIA_2_CINZA.pdf;José e Antônio discutiam qual dos dois teria mais chances de acertar na loteria. José tinha gasto R$ 14,00 numa aposta de 7 números na Mega-Sena, enquanto Antônio gastou R$ 15,00 em três apostas da quina, não repetindo números em suas apostas. Na discussão, eles consideravam a chance de José acertar a quadra da Mega-Sena e de Antônio acertar o terno da Quina. PROBABILIDADE DE ACERTO NA MEGA-SENA Quantidade Valor de Probabilidade de acerto (1 em ...) Nº Jogados Aposta (R$) Sena Quina Quadra $\frac{6}{7}\frac{2,00}{14,00}\frac{50 063 860}{7 151 980}\frac{154 518}{44 981}\frac{2 332}{1 038}$ $\frac{8}{9}\frac{56,00}{168,00}\frac{1 787 995}{595 998}\frac{17 192}{7 791}\frac{539}{312}$ $\frac{10}{11}\frac{420,00}{924,00}\frac{238 399}{108 363}\frac{3 973}{2 211}\frac{195}{129}$ $\frac{12}{13}\frac{1 848,00}{3 432,00}\frac{54 182}{29 175}\frac{1 317}{828}\frac{90}{65}$ $\frac{14}{15}\frac{6 006,00}{10 010,00}\frac{16 671}{10 003}\frac{544}{370}\frac{48}{37}$ PROBABILIDADE DE ACERTO NA QUINA Quantidade Valor de Probabilidade de acerto (1 em ...) Nº Jogados Aposta (R$) Quina Quadra Terno $\frac{5}{6}\frac{0,50}{2,00}\frac{24 040 016}{4 006 669}\frac{64 106}{21 657}\frac{866}{445}$ 7 5,00 1 144 762 9 409 261 Disponível em: http://www.caixa.com.br. Acesso em: 29 abr. 2010 (adaptado). Nessas condições, a razão entre as probabilidades de acerto de José e de Antônio nos menores prêmios de cada loteria é;, o que mostra que Antônio tem mais chances de acertar.;, o que mostra que Antônio tem mais chances de acertar.;, o que mostra que José tem mais chances de acertar.;, o que mostra que Antônio tem mais chances de acertar.;, o que mostra que José tem mais chances de acertar.;0
2011;149;MT;70709;E;1;0;;2.79701;1.52744;0.13112;Cinza;136;;;;REAPLICACAO_PPL;ENEM_2011_P2_CAD_06_DIA_2_CINZA.pdf;Em 2009, o Estado de São Paulo perdeu 3 205,7 hectares de sua cobertura vegetal, área 30% menor que a desmatada em 2008, segundo balanço do projeto ambiental estratégico “Desmatamento Zero”, divulgado pela Secretaria do Meio Ambiente (SMA). SãoPaulo reduz área desmatada. Boletim Agência FAPESP. Disponível em: http://www.agencia.fapesp.br. Acesso em: 26 abr. 2010. Um hectare é uma unidade de medida de área equivalente a 100 ares. Um are, por sua vez, é equivalente a 100 m^2. Logo, a área 3 205,7 hectares corresponde a;$3 205,7 \times 10^{-1} m^2$;$3 205,7 \times 10 m^2$;$3 205,7 \times 10^{2} m^2$;$3 205,7 \times 10^{3} m^2$;$3 205,7 \times 10^{4} m^2$;0
2011;148;MT;70761;A;3;0;;2.32706;1.03615;0.17235;Cinza;136;;;;REAPLICACAO_PPL;ENEM_2011_P2_CAD_06_DIA_2_CINZA.pdf;Uma agência de viagens de São Paulo (SP) está organizando um pacote turístico com destino à cidade de Foz do Iguaçu (PR) e fretou um avião com 120 lugares. Do total de lugares, reservou das vagas para as pessoas que residem na capital do estado de São Paulo, para as que moram no interior desse estado e o restante para as que residem fora dele. Quantas vagas estão reservadas no avião para as pessoas que moram fora do estado de São Paulo?;27;40;45;74;81;0
2011;162;MT;71406;A;28;0;;1.59786;2.38741;0.09931;Cinza;136;;;;REAPLICACAO_PPL;ENEM_2011_P2_CAD_06_DIA_2_CINZA.pdf;Observe os dados da tabela seguinte, sobre o número de ocorrências de acidente de trabalho no Brasil em 2004. Quantidade de acidentes de trabalho registrados no Brasil por sexo, segundo os grupos de idades em 2004 Grupos de Idade Total Masculino Feminino Até 19 anos 17 027 14 334 2 693 20 a 24 anos 86 834 70 907 15 927 25 a 29 anos 88 463 69 561 18 902 30 a 34 anos 72 943 56 236 16 707 35 a 39 anos 63 082 47 675 15 407 40 a 44 anos 52 003 38 440 13 563 45 a 49 anos 38 400 28 294 10 106 50 a 54 anos 23 685 17 398 6 287 55 a 59 anos 11 219 8 486 2 733 60 a 64 anos 3 860 3 200 660 65 a 69 anos 964 803 161 70 anos e mais 344 274 70 TOTAL 458 824 355 608 103 216 FONTE: DATAPREV, CAT. NOTA: Os dados são preliminares, estando sujeitos a correções. Revista Proteção. Abr. 2010. Disponível em: http://www.protecao.com.br (adaptado). O risco de acidente de trabalho de grupos de estudo é o resultado da probabilidade experimental calculada a partir de dados estatísticos. Assim sendo, considerando o disposto na tabela, qual o risco aproximado de um acidentado ser um homem com idade entre 25 e 29 anos?;15%;18%;20%;78%;79%;0
2011;160;MT;71480;D;28;0;;1.70989;0.47337;0.12381;Cinza;136;;;;REAPLICACAO_PPL;ENEM_2011_P2_CAD_06_DIA_2_CINZA.pdf;O responsável por realizar uma avaliação em uma escola convocou alguns professores para elaborar questões e estipulou uma meta mínima. Cada professor deveria elaborar, em média, 13 questões por dia durante uma semana. Nos seis primeiros dias, as quantidades de questões elaboradas por um professor foram 15, 12, 11, 12, 13, 14. Para cumprir a meta mínima, a quantidade mínima de questões que o professor deverá elaborar no último dia é;11.;12.;13.;14.;15.;0
2011;137;MT;71504;A;26;0;;1.30192;0.79319;0.12714;Cinza;136;;;;REAPLICACAO_PPL;ENEM_2011_P2_CAD_06_DIA_2_CINZA.pdf;Uma campanha de vacinação contra um tipo específico de vírus, que causa uma gripe com alto índice de mortalidade, deverá ser realizada em uma cidade que tem uma população de 186 000 habitantes. A Secretaria de Saúde do município tem os dados que evidenciam os grupos de pessoas mais afetadas pela doença e pretende estabelecer como critério de prioridade de vacinação as porcentagens de casos de morte, em decorrência da contaminação pelo vírus, em ordem decrescente. Observe os dados na tabela: Número de pessoas que foram contaminadas pelo vírus, curadas e mortas, discriminadas por grupos característicos Contaminadas Número de pessoas Curadas Mortas pelo vírus Recém-nascidos 280 140 140 Mulheres gestantes 1 020 765 255 Crianças com idade 2 340 819 1 521 entre 3 e 10 anos Idosos com idade entre 3 500 2 520 980 60 e 80 anos Pessoas com alto nível 800 560 240 de obesidade Tomando como base os dados da tabela, os especialistas em saúde pública do município podem verificar que o grupo com maior prioridade de vacinação é o de;crianças entre 3 e 10 anos, porque a porcentagem de mortos é a de maior valor em relação aos outros grupos.;idosos com idade entre 60 e 80 anos, pois foi o grupo que registrou o maior número de casos de pessoas contaminadas pelo vírus.;mulheres gestantes, porque a porcentagem de curadas é de 75%.;recém-nascidos, porque eles têm uma maior expectativa de vida.;pessoas com alto nível de obesidade, pois são do grupo com maior risco de doenças.;0
2011;140;MT;71641;B;3;0;;2.1048;1.83073;0.18274;Cinza;136;;;;REAPLICACAO_PPL;ENEM_2011_P2_CAD_06_DIA_2_CINZA.pdf;Um aventureiro chama a atenção para o impacto do plástico no meio ambiente, atravessando a maior concentração de lixo do mundo em um veleiro feito totalmente de recipientes recicláveis. O barco flutua graças a 12 mil garrafas plásticas. No Brasil, a produção mensal de garrafas plásticas é de 9 bilhões de unidades, sendo que 47% dessas garrafas são reaproveitadas e o restante vai para o lixo. Época. São Paulo: Globo, n. 619, 29 mar. 2010 (adaptado). Quantos barcos como esse é possível construir com as garrafas que vão para o lixo no Brasil?;352 500.;397 500.;750 000.;35 250 000.;39 750 000.;0
2011;172;MT;71837;C;27;0;;1.04193;1.66502;0.09553;Cinza;136;;;;REAPLICACAO_PPL;ENEM_2011_P2_CAD_06_DIA_2_CINZA.pdf;O quadro indica a quantidade de pontos marcados, em quatro partidas, por cinco jogadores de uma mesma equipe de basquete. jogador 1ª partida 2ª partida 3ª partida 4ª partida $\frac{A}{B}\frac{31}{15}\frac{22}{25}\frac{18}{25}\frac{9}{15}$ $\frac{C}{D}\frac{20}{18}\frac{23}{22}\frac{19}{24}\frac{18}{16}$ E 17 19 20 24 Como todos os jogadores obtiveram a mesma média de pontos por partida, para definir quem, entre os cinco atletas, foi o de melhor rendimento, o técnico da equipe resolveu escolher aquele de maior regularidade. Dessa forma, ele escolheu o jogador;A.;B.;C.;D.;E.;0
2011;176;MT;72041;C;9;0;;1.63181;1.95549;0.17188;Cinza;136;;;;REAPLICACAO_PPL;ENEM_2011_P2_CAD_06_DIA_2_CINZA.pdf;Célia é uma confeiteira renomada na pequena cidade onde mora. Herdou de sua avó uma receita de brigadeiro que faz o maior sucesso. Os ingredientes da receita enchem sempre uma panela, de forma cilíndrica, com 40 cm de altura e 30 cm de diâmetro. Para inovar e atrair mais clientes, em vez de vender os brigadeiros na forma de “bolinhas”, Célia tem feito brigadeiros em forma de cones. Para isso, utiliza forminhas cônicas de 5 cm de altura e raio da base de 1,5 cm. A cada receita produzida, a quantidade de cones de brigadeiro que Célia consegue obter é _{2}  Vcilindro =\piR h e Vcone = \frac{\piR^{2}h}{3}  ;600 unidades.;800 unidades.;2 400 unidades.;3 200 unidades.;9 600 unidades.;0
2011;175;MT;72108;C;11;0;;2.48703;1.73878;0.23381;Cinza;136;;;;REAPLICACAO_PPL;ENEM_2011_P2_CAD_06_DIA_2_CINZA.pdf;Toda a esfera visível ao longo do ano, nos hemisférios celestes Norte e Sul, está dividida em 88 partes, incluindo, cada uma delas, um número variável de estrelas. A unidade de medida utilizada pelos astrônomos para calcular a área de uma constelação é o grau quadrado. Algumas constelações são imensas, como Erídano, o rio celeste, localizada no hemisfério celeste Sul e ocupa uma área de 1 138 graus quadrados. Em contraponto, a constelação Norma, localizada no mesmo hemisfério, não passa de 165 graus quadrados. Capozzoli, U. Origem e Evolução das Constelações. Scientific American Brasil. Nº 2. 2010. Em um mapa do hemisfério celestial feito em uma escala de 1:1 000, as constelações Erídano e Norma ocuparão, respectivamente, uma área, em graus quadrados, de;0,1138 e 0,0165.;0,1138 e 0,165.;1,138 e 0,165.;11 380 e 1 650.;1 138 000 e 165 000.;0
2011;147;MT;72128;E;5;0;;3.45373;1.09169;0.09278;Cinza;136;;;;REAPLICACAO_PPL;ENEM_2011_P2_CAD_06_DIA_2_CINZA.pdf;Por falta de tratamentos simples, mais de 1 bilhão de pessoas pobres no mundo acordam doentes todos os dias. Entre essas doenças está a ancilostomose, que aflige 600 milhões de pessoas e causa anemia severa e desnutrição proteica. Para fornecer tratamento a essas pessoas, estima-se um gasto anual de cinquenta centavos de dólar por paciente. Hortez, P. J. Um plano para derrotar Doenças Tropicais Negligenciadas. Scientific American Brasil. Ano 8, n^{o} 33 (adaptado). Uma organização está disposta a lançar uma campanha internacional a fim de obter recursos suficientes para cobrir o tratamento das pessoas com ancilostomose por um ano. Segundo seu planejamento, estima-se um valor médio de US$ 3,00 por doador. De acordo com o planejamento dessa organização, para arrecadar o total de recursos necessários para cobrir o tratamento das pessoas com ancilostomose, por um ano, o número mínimo de contribuintes necessários é de;200 milhões.;120 milhões.;36 milhões.;40 milhões.;100 milhões.;0
2011;150;MT;72303;C;12;0;;2.12284;1.59655;0.15959;Cinza;136;;;;REAPLICACAO_PPL;ENEM_2011_P2_CAD_06_DIA_2_CINZA.pdf;Em uma sala de aula, três alunos resolveram fazer uma brincadeira de medição. Cada um escolheu um objeto próprio para medir o comprimento da lousa. O primeiro foi até a lousa e, usando o comprimento de um livro, verificou que era possível enfileirar 13 deles e ainda sobrava um pequeno espaço igual à metade do comprimento do livro. O segundo pegou seu lápis e começou a medir a lousa. No final, percebeu que esse comprimento era igual a 20 lápis. O terceiro, para economizar tempo, pegou uma régua graduada e mediu o comprimento do livro que o colega havia usado, obtendo 28 cm. Com base nessas informações, qual é a medida mais aproximada do comprimento do lápis?;10 cm;18 cm;19 cm;26 cm;41 cm;0
2011;157;MT;73071;E;4;0;;4.0236;1.01605;0.09787;Cinza;136;;;;REAPLICACAO_PPL;ENEM_2011_P2_CAD_06_DIA_2_CINZA.pdf;A renda de uma família é de R$ 1 750,00. O dinheiro é utilizado da seguinte maneira: Alimentação: R$ 600,00 Saúde: R$ 300,00 Transporte: R$ 150,00 Educação: R$ 350,00 Lazer: R$ 200,00 Gastos eventuais: R$ 100,00 Poupança: R$ 50,00 No mês de julho, o gasto com alimentação diminuiu 4%, o gasto com transporte aumentou 10% e o gasto com educação aumentou 10%. Para continuar utilizando os R$ 1 750,00, o que a família deverá decidir com relação ao valor destinado à poupança, mantendo as demais despesas inalteradas?;Aumentá-lo em 4%.;Aumentá-lo em 8%.;Aumentá-lo em 16%.;Diminuí-lo em 26%.;Diminuí-lo em 52%.;0
2011;146;MT;73225;C;8;0;;1.01305;1.44816;0.22624;Cinza;136;;;;REAPLICACAO_PPL;ENEM_2011_P2_CAD_06_DIA_2_CINZA.pdf;Uma empresa responsável por produzir arranjos de parafina recebeu uma encomenda de arranjos em formato de cone reto. Porém, teve dificuldades em receber de seu fornecedor o molde a ser utilizado e negociou com a pessoa que fez a encomenda o uso de arranjos na forma de um prisma reto, com base quadrada de dimensões 5 cm \times 5 cm. Considerando que o arranjo na forma de cone utilizava um volume de 500 mL, qual deverá ser a altura, em cm, desse prisma para que a empresa gaste a mesma quantidade de parafina utilizada no cone?;8;14;20;60;200;0
2011;158;MT;73897;B;4;0;;1.61484;1.80523;0.19684;Cinza;136;;;;REAPLICACAO_PPL;ENEM_2011_P2_CAD_06_DIA_2_CINZA.pdf;Os medicamentos, imediatamente após a ingestão, começam a ser metabolizados pelo organismo, o que faz com que sua concentração no sangue diminua gradualmente, num processo denominado decaimento. Denomina-se meia-vida de uma substância o tempo necessário para que o teor dessa substância no sangue se reduza à metade do valor inicial. Considere a situação em que um médico prescreveu a um paciente uma dosagem de 800 mg de um medicamento cuja meia-vida é 6 horas, com recomendação de tomar um comprimido a cada 12 horas, durante 3 dias. Para esse medicamento, considera-se superdosagem um teor superior a 1 520 mg, o que causa riscos de intoxicação. Apressado em recuperar-se a tempo de ir a uma festa, o paciente sugeriu ao médico que mudasse a prescrição para 6 em 6 horas, imaginando que, assim, reduziria o tempo de tratamento. O médico contra-argumentou, informando ao paciente que, caso antecipasse as doses, correria o risco de estar intoxicado em;12 horas.;24 horas.;36 horas.;48 horas.;72 horas.;0
2011;161;MT;75805;D;22;0;;3.50021;2.06026;0.13252;Cinza;136;;;;REAPLICACAO_PPL;ENEM_2011_P2_CAD_06_DIA_2_CINZA.pdf;Uma escola tem um terreno vazio no formato retangular cujo perímetro é 40 m, onde se pretende realizar uma única construção que aproveite o máximo de área possível. Após a análise realizada por um engenheiro, este concluiu que para atingir o máximo de área do terreno com uma única construção, a obra ideal seria;$um banheiro com 8 m^{2}$;$uma sala de aula com 16 m^{2}$;$um auditório com 36 m^{2}$;$um pátio com 100 m^{2}$;$uma quadra com 160 m^{2}$;0
2011;173;MT;75935;A;13;0;;2.03396;0.37198;0.13823;Cinza;136;;;;REAPLICACAO_PPL;ENEM_2011_P2_CAD_06_DIA_2_CINZA.pdf;Fabiana Murer garante mais uma medalha de ouro na Noruega. A atleta brasileira saltou 4,60 m na etapa da Diamond League e terminou em primeiro lugar na disputa. Ela ainda é detentora da melhor marca do ano. Ao final da prova, a classificação dos quatro melhores resultados foi: 1º lugar: Fabiana Murer (BRA) – 4,60 m 2º lugar: Aleksandra Kiryashiva (RUS) – 4,50 m 3º lugar: Anna Rogowska (POL) – 4,40 m 4º lugar: Monika Pyrek (POL) – 4,30 m Disponível em: http://www.globoesporte.globo.com. Acesso em: 24 jun. 2011 (adaptado). A diferença entre as marcas da 1ª e da 4ª colocadas pode ser comparada com a altura de um animal adulto. Que animal é esse?;Gato.;Leão.;Pulga.;Elefante.;Gafanhoto.;0
2012;137;MT;9075;C;2;0;;1587;-0.03;207;CINZA;156;;;;REAPLICACAO_PPL;caderno_enem2012_dom_cinza_p2.pdf;"Cinco times de futebol (A, B, C, D e E) ocuparam as primeiras colocações em um campeonato realizado em seu país. A classifi cação fi nal desses clubes apresentou as seguintes características: \bullet O time A superou o time C na classifi cação; \bullet O time C fi cou imediatamente à frente do time E; \bullet O time B não fi cou entre os 3 últimos colocados; \bullet O time D fi cou em uma classifi cação melhor que a do time A. Assim, os dois times mais bem classifi cados foram";e B.;A e C.;B e D.;B e E.;C e D.;0
2012;138;MT;15460;E;30;0;;1282;1837;151;AMARELA;149;;;;REGULAR;caderno_enem2012_dom_amarelo.pdf;"Em um jogo há duas urnas com 10 bolas de mesmo tamanho em cada urna. A tabela a seguir indica as quantidades de bolas de cada cor em cada urna. Cor Urna 1 Urna 2 Amarela 4 0 Azul 3 1 Branca 2 2 Verde 1 3 Vermelha 0 4 Uma jogada consiste em: 1º) o jogador apresenta um palpite sobre a cor da bola que será retirada por ele da urna 2; 2º) ele retira, aleatoriamente, uma bola da urna 1 e a coloca na urna 2, misturando-a com as que lá estão; 3º) em seguida ele retira, também aleatoriamente, uma bola da urna 2; 4º) se a cor da última bola retirada for a mesma do palpite inicial, ele ganha o jogo. Qual cor deve ser escolhida pelo jogador para que ele tenha a maior probabilidade de ganhar?";Azul.;Amarela.;Branca.;Verde.;Vermelha.;0
2012;139;MT;10974;B;27;0;;2263;512;0.11;CINZA;156;;;;REAPLICACAO_PPL;caderno_enem2012_dom_cinza_p2.pdf;O consumo de energia elétrica, nos últimos meses, na casa de uma família, é mostrado nas seguintes tabelas. set./2011 out./2011 nov./2011 Consumo (kwh) 292 284 301 dez./2011 jan./2012 fev./2012 Consumo (kwh) 292 281 242 A média do consumo mensal de energia elétrica na casa dessa família, de setembro de 2011 a fevereiro de 2012, é;280.;282.;284.;288.;292.;0
2012;140;MT;10494;C;3;0;;1848;598;153;CINZA;156;;;;REAPLICACAO_PPL;caderno_enem2012_dom_cinza_p2.pdf;"A noz é uma especiaria muito apreciada nas festas de fim de ano. Uma pesquisa de preços feita em três supermercados obteve os seguintes valores: no supermercado A é possível comprar nozes a granel no valor de R$ 24,00 o quilograma; o supermercado B vende embalagens de nozes hermeticamente fechadas com 250 gramas a R$ 3,00; já o supermercado C vende nozes a granel a R$ 1,50 cada 100 gramas. A sequência dos supermercados, de acordo com a ordem crescente do valor da noz, é";A, B, C.;B, A, C.;B, C, A.;C, A, B.;C, B, A.;0
2012;141;MT;9576;C;27;0;;2138;686;249;CINZA;156;;;;REAPLICACAO_PPL;caderno_enem2012_dom_cinza_p2.pdf;Acidentes banais como escorregões, quedas e tropeços se tornaram a segunda maior causa de morte na humanidade. A tabela a seguir mostra alguns tipos de acidentes e sua incidência, em milhares, no ano de 2009, nos EUA. Tipos de acidentes Machucados em 2009 Andando a cavalo 80 Andando de bicicleta 400 Acidentes na cama 500 Acidentes na piscina 160 Acidentes no banheiro 400 Jogando futebol 200 SOLEIRO, R. et al. Os novos jeitos de morrer. Superinteressante, dez. 2011 (adaptado). Considerando os dados apresentados, a média de machucados em 2009, em milhares, nos EUA, foi igual a;200.;268.;290.;300.;330.;0
2012;142;MT;7729;D;3;0;;1517;0.82;0.15;CINZA;156;;;;REAPLICACAO_PPL;caderno_enem2012_dom_cinza_p2.pdf;O Brasil é um dos maiores produtores de leite do mundo. Em 2010 para a produção de 30,7 bilhões de litros de leite foram ordenhadas 22,9 milhões de vacas leiteiras em todo o país, sendo que essa quantidade de vacas ordenhadas representa 10,9% do rebanho brasileiro de bovinos. Disponível em: www.ibge.gov.br. Acesso em: 15 nov. 2011 (adaptado). Nessas condições, o número que mais se aproxima da quantidade de bovinos no Brasil em 2010, em milhões de unidades, é;25,40.;33,80.;187,19.;210,09.;281,65.;0
2012;143;MT;9411;A;26;0;;952;976;101;CINZA;156;;;;REAPLICACAO_PPL;caderno_enem2012_dom_cinza_p2.pdf;"O Ministério da Saúde acompanha com preocupação a difusão da tuberculose no Brasil. Um sistema de vigilância baseia-se no acompanhamento sistemático das taxas de incidência dessa doença nos estados. Depois de credenciar alguns estados a receberem recursos, em 2006, passou a ser de grande importância definir prioridades para a alocação de recursos de combate e prevenção, levando em consideração as taxas de incidência para os anos de 2000 e 2004, conforme o quadro seguinte. Taxa de incidência Estado 2000 2004 Amapá 9,0 37,1 Amazonas 72,8 69,0 Goiás 20,5 16,7 Minas Gerais 0,3 27,2 Pernambuco 43,3 51,0 Rio de Janeiro 90,7 79,7 São Paulo 45,8 38,2 Disponível em: SINAN, 2006; IBGE, Censo 2000. Se a prioridade na distribuição de recursos for dada ao estado que tiver maior aumento absoluto em suas taxas de incidência, ela será dada para";Amapá.;Amazonas.;Minas Gerais.;Pernambuco.;Rio de Janeiro.;0
2012;145;MT;7357;C;28;0;;2388;1294;196;CINZA;156;;;;REAPLICACAO_PPL;caderno_enem2012_dom_cinza_p2.pdf;Uma churrascaria cobra, no almoço, R$ 12,00 por pessoa. Após às 15 h, esse valor cai para R$ 9,00. Estima- se que o custo total de um almoço seja de R$ 7,00 por pessoa. Em média, por dia, almoçam na churrascaria 1 000 clientes, sendo que 3 deles comparecem até às 15 h. Qual o lucro médio, por dia, da churrascaria?;R$ 9 000,00;R$ 7 000,00;R$ 4 250,00;R$ 3 750,00;R$ 2 250,00;0
2012;146;MT;12992;C;12;0;;2377;1344;155;CINZA;156;;;;REAPLICACAO_PPL;caderno_enem2012_dom_cinza_p2.pdf;Em uma floresta, existem 4 espécies de insetos, A, B, C e P, que têm um ciclo de vida semelhante. Essas espécies passam por um período, em anos, de desenvolvimento dentro de seus casulos. Durante uma primavera, elas saem, põem seus ovos para o desenvolvimento da próxima geração e morrem. Sabe-se que as espécies A, B e C se alimentam de vegetais e a espécie P é predadora das outras 3. Além disso, a espécie P passa 4 anos em desenvolvimento dentro dos casulos, já a espécie A passa 8 anos, a espécie B passa 7 anos e a espécie C passa 6 anos. As espécies A, B e C só serão ameaçadas de extinção durante uma primavera pela espécie P, se apenas uma delas surgirem na primavera junto com a espécie P. Nessa primavera atual, todas as 4 espécies saíram dos casulos juntas. Qual será a primeira e a segunda espécies a serem ameaçadas de extinção por surgirem sozinhas com a espécie predadora numa próxima primavera?;primeira a ser ameaçada é a espécie C e a segunda é a espécie B.;A primeira a ser ameaçada é a espécie A e a segunda é a espécie B.;A primeira a ser ameaçada é a espécie C e a segunda é a espécie A.;A primeira a ser ameaçada é a espécie A e a segunda é a espécie C.;A primeira a ser ameaçada é a espécie B e a segunda é a espécie C.;0
2012;147;MT;11456;D;4;0;;1821;1.42;108;CINZA;156;;;;REAPLICACAO_PPL;caderno_enem2012_dom_cinza_p2.pdf;Um reservatório de uma cidade estava com 30 m^{3} de água no momento em que iniciou um vazamento estimado em 30 litros por minuto. Depois de 20 minutos, a partir do início do vazamento, uma equipe técnica chegou ao local e gastou exatamente 2 horas para consertar o sistema e parar o vazamento. O reservatório não foi reabastecido durante todo o período que esteve com o vazamento. Qual foi o volume de água que sobrou no reservatório, em m^{3}, no momento em que parou o vazamento?;3,6;4,2;25,8;26,4;27,6;0
2012;148;MT;15446;C;14;0;;1786;1911;138;AMARELA;149;;;;REGULAR;caderno_enem2012_dom_amarelo.pdf;Jorge quer instalar aquecedores no seu salão de beleza para melhorar o conforto dos seus clientes no inverno. Ele estuda a compra de unidades de dois tipos de aquecedores: modelo A, que consome 600 g/h (gramas por hora) de gás propano e cobre 35 m^{2} de área, ou modelo B, que consome 750 g/h de gás propano e cobre 45 m^{2} de área. O fabricante indica que o aquecedor deve ser instalado em um ambiente com área menor do que a da sua cobertura. Jorge vai instalar uma unidade por ambiente e quer gastar o mínimo possível com gás. A área do salão que deve ser climatizada encontra-se na planta seguinte (ambientes representados por três retângulos e um trapézio). 9 m II III IV 14 m 4 m 7 m I 8 m 5 m Avaliando-se todas as informações, serão necessários;quatro unidades do tipo A e nenhuma unidade do tipo B.;três unidades do tipo A e uma unidade do tipo B.;duas unidades do tipo A e duas unidades do tipo B.;uma unidade do tipo A e três unidades do tipo B.;nenhuma unidade do tipo A e quatro unidades do tipo B.;0
2012;150;MT;10783;A;1;0;;1314;1706;187;CINZA;156;;;;REAPLICACAO_PPL;caderno_enem2012_dom_cinza_p2.pdf;O sistema de numeração romana, hoje em desuso, já foi o principal sistema de numeração da Europa. Nos dias atuais, a numeração romana é usada no nosso cotidiano essencialmente para designar os séculos, mas já foi necessário fazer contas e descrever números bastante grandes nesse sistema de numeração. Para isto, os romanos colocavam um traço sobre o número para representar que esse número deveria ser multiplicado por 1 000. Por exemplo, o número X representa o número 10 \times 1 000, ou seja, 10 000. De acordo com essas informações, os números MCCV e XLIII são, respectivamente, iguais aW;1 205 000 e 43 000.;1 205 000 e 63 000.;1 205 000 e 493 000.;1 250 000 e 43 000.;1 250 000 e 63 000.;0
2012;151;MT;9593;C;5;0;;3471;1875;171;CINZA;156;;;;REAPLICACAO_PPL;caderno_enem2012_dom_cinza_p2.pdf;Alguns países têm regulamentos que obrigam a misturar 5%, 10% ou 20% de etanol com a gasolina regular. Esta mistura recebe o nome de gasool. E20, por exemplo, é o gasool que contém a mistura de 20% de etanol com 80% de gasolina. Em agosto de 2011, o governo decidiu reduzir a mistura de etanol na gasolina de 25% para 20%, isto é, nossos postos de gasolina, a partir daquele mês, não puderam mais vender o combustível do tipo E25. Disponível em: http://g1.globo.com (adaptado). Uma distribuidora possuía 40 mil litros de combustível do tipo E25, disponíveis em um dos tanques de seu estoque antigo. Quantos litros de gasolina precisam ser adicionados de modo a obter uma mistura E20?;32 000;16 000;10 000;8 000;2 000;0
2012;152;MT;5977;B;21;0;;2361;2031;116;CINZA;156;;;;REAPLICACAO_PPL;caderno_enem2012_dom_cinza_p2.pdf;O apresentador de um programa de auditório propôs aos participantes de uma competição a seguinte tarefa: cada participante teria 10 minutos para recolher moedas douradas colocadas aleatoriamente em um terreno destinado à realização da competição. A pontuação dos competidores seria calculada ao final do tempo destinado a cada um dos participantes, no qual as moedas coletadas por eles seriam contadas e a pontuação de cada um seria calculada, subtraindo do número de moedas coletadas uma porcentagem de valor igual ao número de moedas coletadas. Dessa forma, um participante que coletasse 60 moedas teria sua pontuação calculada da seguinte forma: pontuação = 60 – 36 (60% de 60) = 24. O vencedor da prova seria o participante que alcançasse a maior pontuação. Qual será o limite máximo de pontos que um competidor pode alcançar nessa prova?;0;25;50;75;100;0
2012;152;MT;11343;D;12;0;;1797;1306;0.12;AMARELA;149;;;;REGULAR;caderno_enem2012_dom_amarelo.pdf;"A capacidade mínima, em BTU/h, de um aparelho de ar-condicionado, para ambientes sem exposição ao sol, pode ser determinada da seguinte forma: \bullet 600 BTU/h por m^{2}, considerando-se até duas pessoas no ambiente; \bullet para cada pessoa adicional nesse ambiente, acrescentar 600 BTU/h; \bullet acrescentar mais 600 BTU/h para cada equipamento eletroeletrônico em funcionamento no ambiente. Será instalado um aparelho de ar-condicionado em uma sala, sem exposição ao sol, de dimensões 4 m x 5 m, em que permaneçam quatro pessoas e possua um aparelho de televisão em funcionamento. A capacidade mínima, em BTU/h, desse aparelho de ar- condicionado deve ser";12 000.;12 600.;13 200.;13 800.;15 000.;0
2012;154;MT;15479;A;14;0;;1943;2112;109;CINZA;156;;;;REAPLICACAO_PPL;caderno_enem2012_dom_cinza_p2.pdf;Em um terreno, deseja-se instalar uma piscina com formato de um bloco retangular de altura 1 m e base de dimensões 20 m x 10 m. Nas faces laterais e no fundo desta piscina será aplicado um líquido para a impermeabilização. Esse líquido deve ser aplicado na razão de 1 L para cada 1 m^{2} de área a ser impermeabilizada. O fornecedor A vende cada lata de impermeabilizante de 10 L por R$ 100,00, e o B vende cada lata de 15 L por R$ 145,00. Determine a quantidade de latas de impermeabilizante que deve ser comprada e o fornecedor a ser escolhido, de modo a se obter o menor custo.;Fabricante A, 26 latas.;Fabricante A, 46 latas.;Fabricante B, 17 latas.;Fabricante B, 18 latas.;Fabricante B, 31 latas.;0
2012;155;MT;8489;C;15;0;;1423;2168;123;CINZA;156;;;;REAPLICACAO_PPL;caderno_enem2012_dom_cinza_p2.pdf;"O Índice de Desenvolvimento Humano (IDH) mede a qualidade de vida dos países para além dos indicadores econômicos. O IDH do Brasil tem crescido ano a ano e atingiu os seguintes patamares: 0,600 em 1990; 0,665 em 2000; 0,715 em 2010. Quanto mais perto de 1,00, maior é o desenvolvimento do país. O Globo. Caderno Economia, 3 nov. 2011 (adaptado). Observando o comportamento do IDH nos períodos citados, constata-se que, ao longo do período 1990-2010, o IDH brasileiro";diminuiu com variações decenais crescentes.;diminuiu em proporção direta com o tempo.;aumentou com variações decenais decrescentes.;aumentou em proporção direta com o tempo.;aumentou em proporção inversa com o tempo.;0
2012;156;MT;8813;C;9;0;;2139;2.31;234;CINZA;156;;;;REAPLICACAO_PPL;caderno_enem2012_dom_cinza_p2.pdf;Vítor deseja revestir uma sala retangular de dimensões 3 m x 4 m, usando um tipo de peça de cerâmica. Em uma pesquisa inicial, ele selecionou cinco tipos de peças disponíveis, nos seguintes formatos e dimensões: \bullet Tipo I: quadrados, com 0,5 m de lado. \bullet Tipo II: triângulos equiláteros, com 0,5 m de lado. \bullet Tipo III: retângulos, com dimensões 0,5 m x 0,6 m. \bullet Tipo IV: triângulos retângulos isósceles, cujos catetos medem 0,5 m. \bullet Tipo V: quadrados, com 0,6 m de lado. Analisando a pesquisa, o mestre de obras recomendou que Vítor escolhesse um tipo de piso que possibilitasse a utilização do menor número de peças e não acarretasse sobreposições ou cortes nas cerâmicas. Qual o tipo de piso o mestre de obras recomendou que fosse comprado?;Tipo I.;Tipo II.;Tipo III.;Tipo IV.;Tipo V.;0
2012;159;MT;8455;B;13;0;;2606;2804;222;CINZA;156;;;;REAPLICACAO_PPL;caderno_enem2012_dom_cinza_p2.pdf;Uma prefeitura possui modelos de lixeira de forma cilíndrica, sem tampa, com raio medindo 10 cm e altura de 50 cm. Para fazer uma compra adicional, solicita à empresa fabricante um orçamento de novas lixeiras, com a mesma forma e outras dimensões. A prefeitura só irá adquirir as novas lixeiras se a capacidade de cada uma for no mínimo dez vezes maior que o modelo atual e seu custo unitário não ultrapassar R$ 20,00. O custo de cada lixeira é proporcional à sua área total e o preço do material utilizado na sua fabricação é de R$ 0,20 para cada 100 cm^{2}. A empresa apresenta um orçamento discriminando o custo unitário e as dimensões, com o raio sendo o triplo do anterior e a altura aumentada em 10 cm. (Aproxime \pi para 3.) O orçamento dessa empresa é rejeitado pela prefeitura, pois;o custo de cada lixeira ficou em R$ 21,60.;o custo de cada lixeira ficou em R$ 27,00.;o custo de cada lixeira ficou em R$ 32,40.;a capacidade de cada lixeira ficou 3 vezes maior.;capacidade de cada lixeira ficou 9 vezes maior.;0
2012;163;MT;7412;B;10;0;;2649;2079;197;CINZA;156;;;;REAPLICACAO_PPL;caderno_enem2012_dom_cinza_p2.pdf;No mês de setembro de 2011, a Petrobras atingiu a produção diária de 129 mil barris de petróleo na área do pré-sal no Brasil. O volume de um barril de petróleo corresponde a 159 litros. Disponível em: http://veja.abril.com.br. Acesso em: 20 nov. 2011 (adaptado). De acordo com essas informações, em setembro de 2011, a produção diária, em m^{3}, atingida pela Petrobras na área do pré-sal no Brasil foi de;20,511.;20 511.;205 110.;2 051 100.;20 511 000.;0
2012;164;MT;5844;C;29;0;;3423;2051;153;CINZA;156;;;;REAPLICACAO_PPL;caderno_enem2012_dom_cinza_p2.pdf;Uma aluna registrou as notas de matemática obtidas nos 3 primeiros bimestres do ano letivo e seus respectivos pesos no quadro a seguir. Bimestre Nota Peso 1 2,5 1 2 5,8 2 3 7,4 3 Ela ainda não sabe qual será sua nota de matemática no quarto bimestre, mas sabe que o peso dessa nota na média final é 4. As notas variam de zero a dez, sendo permitida apenas uma casa na parte decimal (caso contrário a nota será arredondada, usando como critério “se o algarismo da segunda casa decimal é maior ou igual a 5, então o algarismo na primeira casa decimal será acrescido de uma unidade”). A média final mínima para aprovação na escola dessa aluna é 7. Se ela obtiver média final inferior a 7, precisará realizar uma outra prova que substitua a menor das notas bimestrais, de modo a alcançar a média 7 (mantidos os mesmos pesos anteriores). Se essa aluna precisar realizar uma prova para substituir a nota que obteve no primeiro bimestre, e tal nota precisar ser igual a 4,8, é porque a nota que ela obteve no quarto bimestre foi;2,3.;7,3.;7,9.;9,2.;10,0.;0
2012;165;MT;18391;C;22;0;;2382;2896;223;CINZA;156;;;;REAPLICACAO_PPL;caderno_enem2012_dom_cinza_p2.pdf;"Nas empresas em geral, são utilizados dois tipos de copos plásticos descartáveis, ambos com a forma de troncos de cones circulares retos: \bullet copos pequenos, para a ingestão de café: raios das bases iguais a 2,4 cm e 1,8 cm e altura igual a 3,6 cm; \bullet copos grandes, para a ingestão de água: raios das bases iguais a 3,6 cm e 2,4 cm e altura igual a 8,0 cm. Uma dessas empresas resolve substituir os dois modelos de copos descartáveis, fornecendo para cada um de seus funcionários canecas com a forma de um cilindro circular reto de altura igual a 6 cm e raio da base de comprimento igual a y centímetros. Tais canecas serão usadas tanto para beber café como para beber água. Sabe-se que o volume de um tronco de cone circular reto, cujos raios das bases são respectivamente iguais a R e r e a altura é h, é dado pela expressão: V = \pih (R^{2} + r^{2} + Rr) O raio y da base dessas canecas deve ser tal que y^{2} seja, no mínimo, igual a";2,664 cm.;7,412 cm.;12,160 cm.;14,824 cm.;19,840 cm.;0
2012;169;MT;8466;A;19;0;;1642;1448;166;CINZA;156;;;;REAPLICACAO_PPL;caderno_enem2012_dom_cinza_p2.pdf;O governo de um país criou o Fundo da Soja e do Milho, que tem como expectativa inicial arrecadar, por ano, R$ 36,14 milhões para investimento em pesquisas relacionadas aos principais produtos da agricultura. Com isso, a cada operação de venda, seriam destinados ao Fundo R$ 0,28 por tonelada de soja e R$ 0,22 por tonelada de milho comercializadas. Para este ano, espera-se que as quantidades de toneladas produzidas, de soja e de milho, juntas, seja 150,5 milhões. Foi pedido a cinco funcionários do Fundo, André, Bruno, Caio, Douglas e Eduardo, que apresentassem um sistema que modelasse os dados apresentados. Cada funcionário apresentou um sistema diferente, considerando x e y como as quantidades de toneladas comercializadas, respectivamente, de soja e de milho. O resultado foi o seguinte: {^{x}0,28^{+ y}x^{ = 150 500 000} + 0,22y = 36 140 $000^{Douglas}${^{x}0,28^{+ y}x^{ = 150,5} + 0,22y = 36,14 {^{100 000 000}0,28x + 0,22y^{x} = 36 140 $000^{+ 100 000 000 y = 150,5 Eduardo}${^{x}0,28^{+ y}x^{ = 150 500 000} + 0,22y = 36,14 {^{x}0,28^{+ y}x^{ = 150,5} + 0,22y = 36 140 000 O funcionário que fez a modelagem correta foi;André.;Bruno.;Caio.;Douglas.;Eduardo.;0
2012;170;MT;11147;D;19;0;;3042;1368;136;CINZA;156;;;;REAPLICACAO_PPL;caderno_enem2012_dom_cinza_p2.pdf;Os procedimentos de decolagem e pouso de uma aeronave são os momentos mais críticos de operação, necessitando de concentração total da tripulação e da torre de controle dos aeroportos. Segundo levantamento da Boeing, realizado em 2009, grande parte dos acidentes aéreos com vítimas ocorre após iniciar-se a fase de descida da aeronave. Desta forma, é essencial para os procedimentos adequados de segurança monitorar-se o tempo de descida da aeronave. A tabela mostra a altitude y de uma aeronave, registrada pela torre de controle, t minutos após o início dos procedimentos de pouso. tempo t 0 5 10 15 20 (em minutos) altitude y 10 000 8 000 6 000 4 000 2 000 (em metros) Considere que, durante todo o procedimento de pouso, a relação entre y e t é linear. Disponível em: www.meioaereo.com. De acordo com os dados apresentados, a relação entre y e t é dada por;y = – 400 t;y = – 2 000 t;y = 8 000 – 400 t;y = 10 000 – 400 t;y = 10 000 – 2 000 t;0
2012;173;MT;8398;A;12;0;;1847;1775;174;CINZA;156;;;;REAPLICACAO_PPL;caderno_enem2012_dom_cinza_p2.pdf;Uma família deseja realizar um jantar comemorativo de um casamento e dispõe para isso de um salão de festas de um clube, onde a área disponível para acomodação das mesas é de 500 m^{2}. As 100 mesas existentes no salão encontram-se normalmente agrupadas duas a duas, comportando 6 cadeiras. A área de cada mesa é de 1 m^{2} e o espaço necessário em torno deste agrupamento, para acomodação das cadeiras e para circulação, é de 6 m^{2}. As mesas podem ser dispostas de maneira isolada, comportando 4 pessoas cada. Nessa situação, o espaço necessário para acomodação das cadeiras e para circulação é de 4 m^{2}. O número de convidados previsto para o evento é de 400 pessoas. Para poder acomodar todos os convidados sentados, com as mesas existentes e dentro da área disponível para acomodação das mesas e cadeiras, como deverão ser organizadas as mesas?;Todas deverão ser separadas.;Todas mantidas no agrupamento original de duas mesas.;Um terço das mesas separadas e dois terços agrupadas duas a duas.;Um quarto das mesas separadas e o restante em agrupamento de duas a duas.;Sessenta por cento das mesas separadas e quarenta por cento agrupadas duas a duas.;0
2012;174;MT;9321;C;16;0;;3072;909;88;CINZA;156;;;;REAPLICACAO_PPL;caderno_enem2012_dom_cinza_p2.pdf;"Uma loja resolveu fazer uma promoção de um determinado produto que custava R$ 100,00 em fevereiro, da seguinte maneira: em março, ela deu um desconto de 10% sobre o preço do produto em fevereiro; em abril, deu mais 10% de desconto sobre o preço do produto em março. Tendo obtido uma venda substancial, a loja resolveu aumentar o preço do produto da seguinte maneira: em maio, a loja aumentou em 10% o preço de abril e, em junho, a loja aumentou em mais 10% o preço de maio. Desta forma, o preço deste produto, no final de junho, era";R$ 100,00.;R$ 99,00.;R$ 98,01.;R$ 97,20.;R$ 96,00.;0
2012;175;MT;9349;D;17;0;;2021;757;149;CINZA;156;;;;REAPLICACAO_PPL;caderno_enem2012_dom_cinza_p2.pdf;Pensando em desenvolver atividade física e reduzir gasto com energia elétrica em sua residência, uma pessoa resolveu instalar uma bomba d’água acoplada a uma bicicleta ergométrica. Após alguns dias de atividade física, ela observou que, pedalando durante uma hora, o volume médio de água bombeada para o seu reservatório era de 500 litros. Esta pessoa observou, ainda, que o consumo diário em sua casa é de 550 litros de água. Qual a atitude, em relação ao tempo de exercício diário, essa pessoa deve tomar para suprir exatamente o consumo diário de água da sua casa?;Reduzir o seu tempo diário de exercício na bicicleta em 6 minutos.;Reduzir o seu tempo diário de exercício na bicicleta em 10 minutos.;Aumentar o seu tempo diário de exercício na bicicleta em 5 minutos.;Aumentar o seu tempo diário de exercício na bicicleta em 6 minutos.;Aumentar o seu tempo diário de exercício na bicicleta em 10 minutos.;0
2012;176;MT;9595;C;1;0;;1903;648;227;CINZA;156;;;;REAPLICACAO_PPL;caderno_enem2012_dom_cinza_p2.pdf;"Parece que foi ontem. Há 4,57 bilhões de anos, uma gigantesca nuvem de partículas entrou em colapso e formou o nosso Sistema Solar. Demoraram míseros 28 milhões de anos — um piscar de olhos em termos geológicos — para que a Terra surgisse. Isso aconteceu há 4,54 bilhões de anos. No começo, a superfície do planeta era mole e muito quente, da ordem de 1 200 ^\circC. Não demorou tanto assim para a crosta ficar mais fria e surgirem os mares e a terra; isso aconteceu há 4,2 bilhões de anos. História da Terra. Superinteressante, nov. 2011 (adaptado). O nosso Sistema Solar se formou, em anos, há";4 570.;4 570 000.;4 570 000 000.;4 570 000 000 000.;4 570 000 000 000 000.;0
2012;177;MT;9635;D;4;0;;2106;582;139;CINZA;156;;;;REAPLICACAO_PPL;caderno_enem2012_dom_cinza_p2.pdf;O Índice de Massa Corporal, abreviadamente IMC, é uma medida internacional adotada pela Organização Mundial de Saúde (OMS) para indicar se uma pessoa está com “peso” excessivo para sua altura. O cálculo do IMC é dado pela fórmula IMC = \frac{m}{h^{2}} , sendo m a massa da pessoa, medida em kg, e h a sua altura, em metros. Os valores da tabela foram ligeiramente adaptados com relação aos adotados pela OMS, para simplicidade nos cálculos. Valor do IMC Classificação IMC < 19 Abaixo do Peso 19 \le IMC< 25 Peso Normal 25 \le IMC< 30 Sobrepeso 30 \le IMC< 40 Obesidade do tipo I IMC \ge 40 Obesidade Mórbida Assim, segundo a OMS, um indivíduo de 2,10 metros de altura que pesa 80 kg tem IMC inferior a 19, sendo classificado como “abaixo do peso”. Se um indivíduo de 144 kg e 2 metros de altura perder 64 kg numa dieta, então este indivíduo migrará da classe;obesidade mórbida para a classe abaixo do peso.;obesidade mórbida para a classe peso normal.;obesidade do tipo 1 para a classe abaixo do peso.;obesidade do tipo 1 para a classe peso normal.;sobrepeso para a classe peso normal.;0
2012;178;MT;8195;B;16;0;;1862;496;238;CINZA;156;;;;REAPLICACAO_PPL;caderno_enem2012_dom_cinza_p2.pdf;Um pintor dispõe de 35 litros de tinta vermelha e de 30 litros de tinta branca. Ele deseja misturar essas tintas na proporção de 5 litros de tinta vermelha para cada 3 litros de tinta branca para obter um tom de tinta mais claro. Para obter o maior volume possível de tinta misturada, ele deverá utilizar toda a tinta disponível de uma das cores e sobrará uma certa quantidade de tinta da outra cor. Quantos litros de tinta sobrarão sem serem misturados?;5.;9.;12.;14.;17.;0
2012;179;MT;7475;E;15;0;;1768;3;217;CINZA;156;;;;REAPLICACAO_PPL;caderno_enem2012_dom_cinza_p2.pdf;No ano de 2010 o DataSenado realizou uma pesquisa intitulada “Condições de vida das pessoas com deficiência no Brasil”. A pesquisa ouviu 1 165 pessoas com deficiência e uma das questões foi a seguinte: “Para você, nos últimos anos, o preconceito em relação às pessoas com deficiência está igual, aumentando ou diminuindo?”. A porcentagem das respostas a esta pergunta é mostrada na tabela a seguir. Igual Aumentando Diminuindo 31% 10% 59% Disponível em: www.ibdd.org.br. Acesso em: 20 nov. 2011. Pelos dados contidos na tabela, o número que mais se aproxima da quantidade de pessoas que responderam “diminuindo” é;69.;116.;361.;687.;1 106.;0
2013;179;MT;38212;D;26;0;;1.02037;2.70479;0.0547;AMARELO;179;;0;;REGULAR;Caderno5_Amarelo_Dom.pdf;O índice de eficiência utilizado por um produtor de leite para qualificar suas vacas é dado pelo produto do tempo de lactação (em dias) pela produção média diária de leite (em kg), dividido pelo intervalo entre partos (em meses). Para esse produtor, a vaca é qualificada como eficiente quando esse índice é, no mínimo, 281 quilogramas por mês, mantendo sempre as mesmas condições de manejo (alimentação, vacinação e outros). Na comparação de duas ou mais vacas, a mais eficiente é a que tem maior índice. A tabela apresenta os dados coletados de cinco vacas: Dados relativos à produção das vacas Tempo de Produção média Intervalo Vaca lactação diária de leite entre partos (em dias) (em kg) (em meses) Malhada 12,0 $\frac{360}{310} \frac{15}{12}$ Mamona 11,0 Maravilha 14,0 $\frac{260}{310} \frac{12}{13}$ Mateira 13,0 Mimosa 270 12,0 11 Após a análise dos dados, o produtor avaliou que a vaca mais eficiente é a;Malhada.;Mamona.;Maravilha.;Mateira.;Mimosa.;0
2013;140;MT;51219;A;1;0;;2.23485;0.30828;0.20321;AMARELO;179;;0;;REGULAR;Caderno5_Amarelo_Dom.pdf;Em um certo teatro, as poltronas são divididas em setores. A figura apresenta a vista do setor 3 desse teatro, no qual as cadeiras escuras estão reservadas e as claras não foram vendidas. S E T O R A razão que representa a quantidade de cadeiras reservadas do setor 3 em relação ao total de cadeiras desse mesmo setor é;70;53;70;17;17;0
2015;180;MT;14712;C;28;0;;1.06024;-0.23853;0.20527;Amarelo;243;;0;;REGULAR;Caderno5_Amarelo_Dom.pdf;Em uma central de atendimento, cem pessoas receberam senhas numeradas de 1 até 100. Uma das senhas é sorteada ao acaso. Qual é a probabilidade de a senha sorteada ser um número de 1 a 20?;$\frac{1}{100}$;$\frac{19}{100}$;$\frac{20}{100}$;$\frac{21}{100}$;$\frac{80}{100}$;0
2015;146;MT;15876;E;5;0;;1.74749;2.59319;0.14249;Amarelo;243;;0;;REGULAR;Caderno5_Amarelo_Dom.pdf;Um arquiteto está reformando uma casa. De modo a contribuir com o meio ambiente, decide reaproveitar tábuas de madeira retiradas da casa. Ele dispõe de 40 tábuas de 540 cm, 30 de 810 cm e 10 de 1 080 cm, todas de mesma largura e espessura. Ele pediu a um carpinteiro que cortasse as tábuas em pedaços de mesmo comprimento, sem deixar sobras, e de modo que as novas peças ficassem com o maior tamanho possível, mas de comprimento menor que 2 m. Atendendo o pedido do arquiteto, o carpinteiro deverá produzir;105 peças.;120 peças.;210 peças.;243 peças.;420 peças.;0
2015;149;MT;15890;D;28;0;;3.41203;3.8793;0.05419;Amarelo;243;;0;;REGULAR;Caderno5_Amarelo_Dom.pdf;Em uma escola, a probabilidade de um aluno compreender e falar inglês é de 30%. Três alunos dessa escola, que estão em fase final de seleção de intercâmbio, aguardam, em uma sala, serem chamados para uma entrevista. Mas, ao invés de chamá-los um a um, o entrevistador entra na sala e faz, oralmente, uma pergunta em inglês que pode ser respondida por qualquer um dos alunos. A probabilidade de o entrevistador ser entendido e ter sua pergunta oralmente respondida em inglês é;23,7%;30,0%;44,1%;65,7%;90,0%;0
2015;159;MT;27281;E;19;0;;2.81962;1.8236;0.11266;Amarelo;243;;0;;REGULAR;Caderno5_Amarelo_Dom.pdf;O acréscimo de tecnologias no sistema produtivo industrial tem por objetivo reduzir custos e aumentar a produtividade. No primeiro ano de funcionamento, uma indústria fabricou 8 000 unidades de um determinado produto. No ano seguinte, investiu em tecnologia adquirindo novas máquinas e aumentou a produção em 50%. Estima-se que esse aumento percentual se repita nos próximos anos, garantindo um crescimento anual de 50%. Considere P a quantidade anual de produtos fabricados no ano t de funcionamento da indústria. Se a estimativa for alcançada, qual é a expressão que determina o número de unidades produzidas P em função de t, para t t1?;$P(t) = 0,5 · t^{- 1} + 8 000$;$P(t) = 50 · t^{- 1} + 8 000$;$P(t) = 4 000 · t^{- 1} + 8 000$;$P(t) = 8 000 · (0,5)^{t -   1}$;$P(t) = 8 000 · (1,5) ^{t -   1}$;0
2015;163;MT;28637;C;14;0;;2.89731;1.93082;0.19951;Amarelo;243;;0;;REGULAR;Caderno5_Amarelo_Dom.pdf;Para resolver o problema de abastecimento de água foi decidida, numa reunião do condomínio, a construção de uma nova cisterna. A cisterna atual tem formato cilíndrico, com 3 m de altura e 2 m de diâmetro, e estimou-se que a nova cisterna deverá comportar 81 m^{3} de água, mantendo o formato cilíndrico e a altura da atual. Após a inauguração da nova cisterna a antiga será desativada. Utilize 3,0 como aproximação para \pi. Qual deve ser o aumento, em metros, no raio da cisterna para atingir o volume desejado?;0,5;1;2;3,5;8;0
2015;156;MT;28646;C;7;0;;1.98262;2.01086;0.12481;Amarelo;243;;0;;REGULAR;Caderno5_Amarelo_Dom.pdf;Para o modelo de um troféu foi escolhido um poliedro P, obtido a partir de cortes nos vértices de um cubo. Com um corte plano em cada um dos cantos do cubo, retira-se o canto, que é um tetraedro de arestas menores do que metade da aresta do cubo. Cada face do poliedro P, então, é pintada usando uma cor distinta das demais faces. Com base nas informações, qual é a quantidade de cores que serão utilizadas na pintura das faces do troféu?;6;8;14;24;30;0
2015;160;MT;28651;D;27;0;;1.62208;1.72592;0.10767;Amarelo;243;;0;;REGULAR;Caderno5_Amarelo_Dom.pdf;Em uma seletiva para a final dos 100 metros livres de natação, numa olimpíada, os atletas, em suas respectivas raias, obtiveram os seguintes tempos: Raia 1 2 3 4 5 6 7 8 Tempo 20,90 20,90 20,50 20,80 20,60 20,60 20,90 20,96 (segundo) A mediana dos tempos apresentados no quadro é;20,70.;20,77.;20,80.;20,85.;20,90.;0
2015;153;MT;28904;C;10;0;;2.52928;2.33098;0.19899;Amarelo;243;;0;;REGULAR;Caderno5_Amarelo_Dom.pdf;As exportações de soja do Brasil totalizaram 4,129 milhões de toneladas no mês de julho de 2012, e registraram um aumento em relação ao mês de julho de 2011, embora tenha havido uma baixa em relação ao mês de maio de 2012. Disponível em: www.noticiasagricolas.com.br. Acesso em: 2 ago. 2012. A quantidade, em quilogramas, de soja exportada pelo Brasil no mês de julho de 2012 foi de;$4,129 \times 10^{3}$;$4,129 \times 10^{6}$;$4,129 \times 10^{9}$;$4,129 \times 10^{12}$;$4,129 \times 10^{15}$;0
2015;155;MT;29359;E;3;0;;1.16472;3.02993;0.1036;Amarelo;243;;0;;REGULAR;Caderno5_Amarelo_Dom.pdf;Segundo dados apurados no Censo 2010, para uma população de 101,8 milhões de brasileiros com 10 anos ou mais de idade e que teve algum tipo de rendimento em 2010, a renda média mensal apurada foi de R$ 1 202,00. A soma dos rendimentos mensais dos 10% mais pobres correspondeu a apenas 1,1% do total de rendimentos dessa população considerada, enquanto que a soma dos rendimentos mensais dos 10% mais ricos correspondeu a 44,5% desse total. Disponível em: www.estadao.com.br. Acesso em: 16 nov. 2011(adaptado). Qual foi a diferença, em reais, entre a renda média mensal de um brasileiro que estava na faixa dos 10% mais ricos e de um brasileiro que estava na faixa dos 10% mais pobres?;240,4;548,11;1 723,67;4 026,70;5 216,68;0
2015;152;MT;30755;D;3;0;;0.87277;2.82511;0.21108;Amarelo;243;;0;;REGULAR;Caderno5_Amarelo_Dom.pdf;Um casal realiza um financiamento imobiliário de R$ 180 000,00, a ser pago em 360 prestações mensais, com taxa de juros efetiva de 1% ao mês. A primeira prestação é paga um mês após a liberação dos recursos e o valor da prestação mensal é de R$ 500,00 mais juro de 1% sobre o saldo devedor (valor devido antes do pagamento). Observe que, a cada pagamento, o saldo devedor se reduz em R$ 500,00 e considere que não há prestação em atraso. Efetuando o pagamento dessa forma, o valor, em reais, a ser pago ao banco na décima prestação é de;2 075,00.;2 093,00.;2 138,00.;2 255,00.;2 300,00.;0
2015;167;MT;33076;D;12;0;;1.18579;2.81649;0.17915;Amarelo;243;;0;;REGULAR;Caderno5_Amarelo_Dom.pdf;O índice pluviométrico é utilizado para mensurar a precipitação da água da chuva, em milímetros, em determinado período de tempo. Seu cálculo é feito de acordo com o nível de água da chuva acumulada em 1 mð, ou seja, se o índice for de 10 mm, significa que a altura do nível de água acumulada em um tanque aberto, em formato de um cubo com 1 m^2 de área de base, é de 10 mm. Em uma região, após um forte temporal, verificou-se que a quantidade de chuva acumulada em uma lata de formato cilíndrico, com raio 300 mm e altura 1 200 mm, era de um terço da sua capacidade. Utilize 3,0 como aproximação para \pi. O índice pluviométrico da região, durante o período do temporal, em milímetros, é de;10,8.;12,0.;32,4.;108,0.;324,0.;0
2015;162;MT;37274;C;4;0;;1.74587;2.17499;0.30318;Amarelo;243;;0;;REGULAR;Caderno5_Amarelo_Dom.pdf;"O gerente de um cinema fornece anualmente ingressos gratuitos para escolas. Este ano serão distribuídos 400 ingressos para uma sessão vespertina e 320 ingressos para uma sessão noturna de um mesmo filme. Várias escolas podem ser escolhidas para receberem ingressos. Há alguns critérios para a distribuição dos ingressos: 1) cada escola deverá receber ingressos para uma única sessão; 2) todas as escolas contempladas deverão receber o mesmo número de ingressos; 3) não haverá sobra de ingressos (ou seja, todos os ingressos serão distribuídos). O número mínimo de escolas que podem ser escolhidas para obter ingressos, segundo os critérios estabelecidos, é";2.;4.;9.;40.;80.;0
2015;172;MT;38013;D;17;0;;1.2254;0.80613;0.17857;Amarelo;243;;0;;REGULAR;Caderno5_Amarelo_Dom.pdf;Alguns exames médicos requerem uma ingestão de água maior do que a habitual. Por recomendação médica, antes do horário do exame, uma paciente deveria ingerir 1 copo de água de 150 mililitros a cada meia hora, durante as 10 horas que antecederiam um exame. A paciente foi a um supermercado comprar água e verificou que havia garrafas dos seguintes tipos: \bullet Garrafa I: 0,15 litro \bullet Garrafa II: 0,30 litro \bullet Garrafa III: 0,75 litro \bullet Garrafa IV: 1,50 litro \bullet Garrafa V: 3,00 litros A paciente decidiu comprar duas garrafas do mesmo tipo, procurando atender à recomendação médica e, ainda, de modo a consumir todo o líquido das duas garrafas antes do exame. Qual o tipo de garrafa escolhida pela paciente?;I;II;III;IV;V;0
2015;136;MT;38545;D;23;0;;2.00377;3.51933;0.20374;Amarelo;243;;0;;REGULAR;Caderno5_Amarelo_Dom.pdf;Um estudante está pesquisando o desenvolvimento de certo tipo de bactéria. Para essa pesquisa, ele utiliza uma estufa para armazenar as bactérias. A temperatura no interior dessa estufa, em graus Celsius, é dada pela expressão T(h) = - h^{2} + 22h - 85, em que h representa as horas do dia. Sabe-se que o número de bactérias é o maior possível quando a estufa atinge sua temperatura máxima e, nesse momento, ele deve retirá-las da estufa. A tabela associa intervalos de temperatura, em graus Celsius, com as classificações: muito baixa, baixa, média, alta e muito alta. Intervalos de temperatura (^\circC) Classificação T < 0 Muito baixa 0 < T < 17 Baixa 17 < T < 30 Média 30 < T < 43 Alta T > 43 Muito alta Quando o estudante obtém o maior número possível de bactérias, a temperatura no interior da estufa está classificada como;muito baixa.;baixa.;média.;alta.;muito alta.;0
2015;166;MT;38852;B;29;0;;1.65509;2.78727;0.08102;Amarelo;243;;0;;REGULAR;Caderno5_Amarelo_Dom.pdf;Um concurso é composto por cinco etapas. Cada etapa vale 100 pontos. A pontuação final de cada candidato é a média de suas notas nas cinco etapas. A classificação obedece j ordem decrescente das pontuações finais. O critério de desempate baseia-se na maior pontuação na quinta etapa. Média nas quatro Pontuação na Candidato primeiras etapas quinta etapa $\frac{A}{B} \frac{60}{85}$ $\frac{C}{D} \frac{95}{90}$ E 60 100 A ordem de classificação final desse concurso é;A, B, C, E, D.;B, A, C, E, D.;C, B, E, A, D.;C, B, E, D, A.;E, C, D, B, A.;0
2015;179;MT;39806;C;14;0;;2.62877;2.01353;0.11918;Amarelo;243;;0;;REGULAR;Caderno5_Amarelo_Dom.pdf;Uma fábrica de sorvetes utiliza embalagens plásticas no formato de paralelepípedo retangular reto. Internamente, a embalagem tem 10 cm de altura e base de 20 cm por 10 cm. No processo de confecção do sorvete, uma mistura é colocada na embalagem no estado líquido e, quando levada ao congelador, tem seu volume aumentado em 25%, ficando com consistência cremosa. Inicialmente é colocada na embalagem uma mistura sabor chocolate com volume de 1 000 cm^{3} e, após essa mistura ficar cremosa, será adicionada uma mistura sabor morango, de modo que, ao final do processo de congelamento, a embalagem fique completamente preenchida com sorvete, sem transbordar. O volume máximo, em cm^3, da mistura sabor morango que deverá ser colocado na embalagem é;450.;500.;600.;750.;1 000.;0
2015;169;MT;39817;C;1;0;;1.76491;1.26471;0.11821;Amarelo;243;;0;;REGULAR;Caderno5_Amarelo_Dom.pdf;"Deseja-se comprar lentes para óculos. As lentes devem ter espessuras mais próximas possíveis da medida 3 mm. No estoque de uma loja, há lentes de espessuras: 3,10 mm; 3,021 mm; 2,96 mm; 2,099 mm e 3,07 mm. Se as lentes forem adquiridas nessa loja, a espessura escolhida será, em milímetros, de";2,099.;2,96.;3,021.;3,07.;3,10.;0
2015;176;MT;40302;D;22;0;;0.79707;5.35024;0.16493;Amarelo;243;;0;;REGULAR;Caderno5_Amarelo_Dom.pdf;Segundo o Instituto Brasileiro de Geografia e Estatística (IBGE), produtos sazonais são aqueles que apresentam ciclos bem definidos de produção, consumo e preço. Resumidamente, existem épocas do ano em que a sua disponibilidade nos mercados varejistas ora é escassa, com preços elevados, ora é abundante, com preços mais baixos, o que ocorre no mês de produção máxima da safra. A partir de uma série histórica, observou-se que o preço P, em reais, do quilograma de um certo produto sazonal pode ser descrito pela função P(x) = 8 + 5cos $\frac{\pix - \pi}{6}$ , onde x representa o mês do ano, sendo x = 1 associado ao mês de janeiro, x = 2 ao mês de fevereiro, e assim sucessivamente, até x = 12 associado ao mês de dezembro. Disponível em: www.ibge.gov.br. Acesso em: 2 ago. 2012 (adaptado). Na safra, o mês de produção máxima desse produto é;janeiro.;abril.;junho.;julho.;outubro.;0
2015;154;MT;54184;B;23;0;;1.76806;1.06274;0.21458;Amarelo;243;;0;;REGULAR;Caderno5_Amarelo_Dom.pdf;A expressão “Fórmula de Young´ é utilizada para calcular a dose infantil de um medicamento, dada a dose do adulto: (^{idade da criança (em anos)} )^{ dose do adulto} · idade da criança (em anos) + 12 Uma enfermeira deve administrar um medicamento X a uma criança inconsciente, cuja dosagem de adulto é de 60 mg. A enfermeira não consegue descobrir onde está registrada a idade da criança no prontuário, mas identifica que, algumas horas antes, foi administrada a ela uma dose de 14 mg de um medicamento Y, cuja dosagem de adulto é 42 mg. Sabe-se que a dose da medicação Y administrada à criança estava correta. Então, a enfermeira deverá ministrar uma dosagem do medicamento X, em miligramas, igual a;15.;20.;30.;36.;40.;0
2015;174;MT;60078;E;10;0;;1.77201;1.70467;0.12269;Amarelo;243;;0;;REGULAR;Caderno5_Amarelo_Dom.pdf;Para economizar em suas contas mensais de água, uma família de 10 pessoas deseja construir um reservatório para armazenar a água captada das chuvas, que tenha capacidade suficiente para abastecer a família por 20 dias. Cada pessoa da família consome, diariamente, 0,08 m^{3} de água. Para que os objetivos da família sejam atingidos, a capacidade mínima, em litros, do reservatório a ser construído deve ser;16.;800.;1 600.;8 000.;16 000.;0
2015;158;MT;79233;A;30;0;;1.49081;4.5172;0.09464;Amarelo;243;;0;;REGULAR;Caderno5_Amarelo_Dom.pdf;O HPV é uma doença sexualmente transmissível. Uma vacina com eficácia de 98% foi criada com o objetivo de prevenir a infecção por HPV e, dessa forma, reduzir o número de pessoas que venham a desenvolver câncer de colo de útero. Uma campanha de vacinação foi lançada em 2014 pelo SUS, para um público-alvo de meninas de 11 a 13 anos de idade. Considera-se que, em uma população não vacinada, o HPV acomete 50% desse público ao longo de suas vidas. Em certo município, a equipe coordenadora da campanha decidiu vacinar meninas entre 11 e 13 anos de idade em quantidade suficiente para que a probabilidade de uma menina nessa faixa etária, escolhida ao acaso, vir a desenvolver essa doença seja, no máximo, de 5,9%. Houve cinco propostas de cobertura, de modo a atingir essa meta: Proposta I: vacinação de 90% do público-alvo. Proposta II: vacinação de 55,8% do público-alvo. Proposta III: vacinação de 88,2% do público-alvo. Proposta IV: vacinação de 49% do público-alvo. Proposta V: vacinação de 95,9% do público-alvo. Para diminuir os custos, a proposta escolhida deveria ser também aquela que vacinasse a menor quantidade possível de pessoas. Disponível em: www.virushpv.com.br. Acesso em: 30 ago. 2014 (adaptado). A proposta implementada foi a de número;I.;II.;III.;IV.;V.;0
2015;140;MT;81583;A;9;0;;1.33762;2.31697;0.20623;Amarelo;243;;0;;REGULAR;Caderno5_Amarelo_Dom.pdf;O tampo de vidro de uma mesa quebrou-se e deverá ser substituído por outro que tenha a forma de círculo. O suporte de apoio da mesa tem o formato de um prisma reto, de base em forma de triângulo equilátero com lados medindo 30 cm. Uma loja comercializa cinco tipos de tampos de vidro circulares com cortes já padronizados, cujos raios medem 18 cm, 26 cm, 30 cm, 35 cm e 60 cm. O proprietário da mesa deseja adquirir nessa loja o tampo de menor dikmetro que seja suficiente para cobrir a base superior do suporte da mesa. Considere 1,7 como aproximação para ¥3 . O tampo a ser escolhido será aquele cujo raio, em centímetros, é igual a;18.;26.;30.;35.;60.;0
2015;175;MT;82955;E;29;0;;0.78524;3.80554;0.1831;Amarelo;243;;0;;REGULAR;Caderno5_Amarelo_Dom.pdf;"Uma competição esportiva envolveu 20 equipes com 10 atletas cada. Uma denúncia à organização dizia que um dos atletas havia utilizado substância proibida. Os organizadores, então, decidiram fazer um exame antidoping. Foram propostos três modos diferentes para escolher os atletas que irão realizá-lo: Modo I: sortear três atletas dentre todos os participantes; Modo II: sortear primeiro uma das equipes e, desta, sortear três atletas; Modo III: sortear primeiro três equipes e, então, sortear um atleta de cada uma dessas três equipes. Considere que todos os atletas têm igual probabilidade de serem sorteados e que P(I), P(II) e P(III) sejam as probabilidades de o atleta que utilizou a substância proibida seja um dos escolhidos para o exame no caso do sorteio ser feito pelo modo I, II ou III. Comparando-se essas probabilidades, obtém-se";P(I) < P(III) < P(II);P(II) < P(I) < P(III);P(I) < P(II) = P(III);P(I) = P(II) < P(III);P(I) = P(II) = P(III);0
2015;157;MT;83917;A;18;0;;0.32005;6.3679;0.15202;Amarelo;243;;0;;REGULAR;Caderno5_Amarelo_Dom.pdf;Uma padaria vende, em média, 100 pães especiais por dia e arrecada com essas vendas, em média, R$ 300,00. Constatou-se que a quantidade de pães especiais vendidos diariamente aumenta, caso o preço seja reduzido, de acordo com a equação q = 400 – 100p, na qual q representa a quantidade de pães especiais vendidos diariamente e p, o seu preço em reais. A fim de aumentar o fluxo de clientes, o gerente da padaria decidiu fazer uma promoção. Para tanto, modificará o preço do pão especial de modo que a quantidade a ser vendida diariamente seja a maior possível, sem diminuir a média de arrecadação diária na venda desse produto. O preço p, em reais, do pão especial nessa promoção deverá estar no intervalo;R$ 0,50 δ p - R$ 1,50;R$ 1,50 δ p - R$ 2,50;R$ 2,50 δ p - R$ 3,50;R$ 3,50 δ p - R$ 4,50;R$ 4,50 δ p - R$ 5,50;0
2016;136;MT;24145;B;24;0;;1.33089;-0.50415;0.18694;AMARELA;347;;0;;REAPLICACAO_PPL;CAD_ENEM_2016_DIA_2_05_AMARELO_2.pdf;O quadro apresenta a ordem de colocação dos seis primeiros países em um dia de disputa nas Olimpíadas. A ordenação é feita de acordo com as quantidades de medalhas de ouro, prata e bronze, respectivamente. País Ouro Prata Bronze Total 1º China $\frac{9}{5}\frac{5}{7}\frac{3}{4}\frac{17}{16}$ 2º EUA 3º França $\frac{3}{3}\frac{1}{2}\frac{3}{2}\frac{7}{7}$ 4º Argentina 5º Itália $\frac{2}{2}\frac{6}{5}\frac{2}{3}\frac{10}{10}$ 6º Brasil Se as medalhas obtidas por Brasil e Argentina fossem reunidas para formar um único país hipotético, qual a posição ocupada por esse país?;1ª;2ª;3ª;4ª;5ª;0
2016;139;MT;43030;D;17;0;;1.6351;1.82886;0.16743;AMARELA;347;;0;;REAPLICACAO_PPL;CAD_ENEM_2016_DIA_2_05_AMARELO_2.pdf;Um clube tem um campo de futebol com área total de 8 000 m^{2}, correspondente ao gramado. Usualmente, a poda da grama desse campo é feita por duas máquinas do clube próprias para o serviço. Trabalhando no mesmo ritmo, as duas máquinas podam juntas 200 m^{2} por hora. Por motivo de urgência na realização de uma partida de futebol, o administrador do campo precisará solicitar ao clube vizinho máquinas iguais às suas para fazer o serviço de poda em um tempo máximo de 5 h. Utilizando as duas máquinas que o clube já possui, qual o número mínimo de máquinas que o administrador do campo deverá solicitar ao clube vizinho?;4;6;8;14;16;0
2016;141;MT;26643;D;23;0;;2.23177;1.65467;0.18839;AMARELA;347;;0;;REAPLICACAO_PPL;CAD_ENEM_2016_DIA_2_05_AMARELO_2.pdf;O governo de uma cidade está preocupado com a possível epidemia de uma doença infectocontagiosa causada por bactéria. Para decidir que medidas tomar, deve calcular a velocidade de reprodução da bactéria. Em experiências laboratoriais de uma cultura bacteriana, inicialmente com 40 mil unidades, obteve-se a fórmula para a população: ._{ 2}^{3 t} em que t é o tempo, em hora, e p(t) é a população, em milhares de bactérias. Em relação à quantidade inicial de bactérias, após 20 min, a população será;reduzida a um terço.;reduzida à metade.;reduzida a dois terços.;duplicada.;triplicada.;0
2016;142;MT;32844;E;30;0;;1.6732;1.69784;0.12276;AMARELA;347;;0;;REAPLICACAO_PPL;CAD_ENEM_2016_DIA_2_05_AMARELO_2.pdf;Um vendedor de assinaturas de TV a cabo teve, nos 7 primeiros meses do ano, uma média mensal de 84 assinaturas vendidas. Devido a uma reestruturação da empresa, foi exigido que todos os vendedores tivessem, ao final do ano, uma média mensal de 99 assinaturas vendidas. Diante disso, o vendedor se viu forçado a aumentar sua média mensal de vendas nos 5 meses restantes do ano. Qual deverá ser a média mensal de vendas do vendedor, nos próximos 5 meses, para que ele possa cumprir a exigência da sua empresa?;91;105;114;118;120;0
2016;143;MT;32680;B;11;0;;2.00575;1.90188;0.07291;AMARELA;347;;0;;REAPLICACAO_PPL;CAD_ENEM_2016_DIA_2_05_AMARELO_2.pdf;Num mapa com escala 1 : 250 000, a distância entre as cidades A e B é de 13 cm. Num outro mapa, com escala 1 : 300 000, a distância entre as cidades A e C é de 10 cm. Em um terceiro mapa, com escala 1 : 500 000, a distância entre as cidades A e D é de 9 cm. As distâncias reais entre a cidade A e as cidades B, C e D são, respectivamente, iguais a X, Y e Z (na mesma unidade de comprimento). As distâncias X, Y e Z, em ordem crescente, estão dadas em;X , Y , Z.;Y , X , Z.;Y , Z , X.;Z , X , Y.;Z , Y , X.;0
2016;144;MT;40054;B;18;0;;2.51409;1.79728;0.21198;AMARELA;347;;0;;REAPLICACAO_PPL;CAD_ENEM_2016_DIA_2_05_AMARELO_2.pdf;Um banco de sangue recebe 450 mL de sangue de cada doador. Após separar o plasma sanguíneo das hemácias, o primeiro é armazenado em bolsas de 250 mL de capacidade. O banco de sangue aluga refrigeradores de uma empresa para estocagem das bolsas de plasma, segundo a sua necessidade. Cada refrigerador tem uma capacidade de estocagem de 50 bolsas. Ao longo de uma semana, 100 pessoas doaram sangue àquele banco. Admita que, de cada 60 mL de sangue, extraem-se 40 mL de plasma. O número mínimo de congeladores que o banco precisou alugar, para estocar todas as bolsas de plasma dessa semana, foi;2.;3.;4.;6.;8.;0
2016;145;MT;10052;D;21;0;;0.86661;3.92011;186;AMARELA;304;;0;;REGULAR;CAD_ENEM_2016_DIA_2_05_AMARELO.pdf;Uma liga metálica sai do forno a uma temperatura de 3 000 ^\circC e diminui 1% de sua temperatura a cada 30 min. Use 0,477 como aproximação para \log (3) e 1,041 como aproximação para \log (11). O tempo decorrido, em hora, até que a liga atinja 30 ^\circC é mais próximo de;22.;50.;100.;200.;400.;0
2016;146;MT;29299;E;9;0;;4.48188;1.9328;0.13135;AMARELA;347;;0;;REAPLICACAO_PPL;CAD_ENEM_2016_DIA_2_05_AMARELO_2.pdf;Uma indústria de perfumes embala seus produtos, atualmente, em frascos esféricos de raio R, com volume dado por ^{$\frac{4}{3}$}\pi.(R)^{3}. Observou-se que haverá redução de custos se forem utilizados frascos cilíndricos com raio da base $\frac{R}{3}$, cujo volume será dado por \pi^{⎛}_{⎜}^{$\frac{R}{3}$ ⎞}_{⎟} . h, sendo h a altura da nova ⎝ ⎠ embalagem. Para que seja mantida a mesma capacidade do frasco esférico, a altura do frasco cilíndrico (em termos de R) deverá ser igual a;2R.;4R.;6R.;9R.;12R.;0
2016;147;MT;49022;B;22;0;;2.82505;1.81662;0.22125;AMARELA;347;;0;;REAPLICACAO_PPL;CAD_ENEM_2016_DIA_2_05_AMARELO_2.pdf;Para evitar uma epidemia, a Secretaria de Saúde de uma cidade dedetizou todos os bairros, de modo a evitar a proliferação do mosquito da dengue. Sabe-se que o número f de infectados é dado pela função f(t) -2t^2 120t (em que t é expresso em dia e t 0 é o dia anterior à primeira infecção) e que tal expressão é válida para os 60 primeiros dias da epidemia. A Secretaria de Saúde decidiu que uma segunda dedetização deveria ser feita no dia em que o número de infectados chegasse à marca de 1 600 pessoas, e uma segunda dedetização precisou acontecer. A segunda dedetização começou no;19º dia.;20º dia.;29º dia.;30º dia.;60º dia.;0
2016;151;MT;42387;C;1;0;;2.59061;1.33704;0.1266;AMARELA;347;;0;;REAPLICACAO_PPL;CAD_ENEM_2016_DIA_2_05_AMARELO_2.pdf;Nas construções prediais são utilizados tubos de diferentes medidas para a instalação da rede de água. Essas medidas são conhecidas pelo seu diâmetro, muitas vezes medido em polegada. Alguns desses tubos, com medidas em polegada, são os tubos de $\frac{1}{2}$, e $\frac{3}{8}$ $\frac{5}{4}$. Colocando os valores dessas medidas em ordem crescente, encontramos;$\frac{1}{2},   ,  \frac{3}{8} \frac{5}{4}$;$\frac{1}{2},   ,  \frac{5}{4} \frac{3}{8}$;$\frac{3}{8},   ,  \frac{1}{2} \frac{5}{4}$;$\frac{3}{8},   ,  \frac{5}{4} \frac{1}{2}$;$\frac{5}{4},   ,  \frac{1}{2} \frac{3}{8}$;0
2016;151;MT;53721;D;25;0;;1.60951;3.12558;0.13029;AMARELA;304;;0;;REGULAR;CAD_ENEM_2016_DIA_2_05_AMARELO.pdf;O censo demográfico é um levantamento estatístico que permite a coleta de várias informações. A tabela apresenta os dados obtidos pelo censo demográfico brasileiro nos anos de 1940 e 2000, referentes j concentração da população total, na capital e no interior, nas cinco grandes regiões. População residente, na capital e interior segundo as Grandes Regiões 1940/2000 População residente Grandes Total Capital Interior regiões $\frac{1940}{1 632 917}\frac{2000}{12 900 704}\frac{1940}{368 528}\frac{2000}{3 895 400}\frac{1940}{1 264 389}\frac{2000}{9 005 304}$ Norte Nordeste $\frac{14 434 080}{18 278 837}\frac{47 741 711}{72 412 411}\frac{1 270 729}{3 346 991}\frac{10 162 346}{18 822 986}\frac{13 163 351}{14 931 846}\frac{37 579 365}{53 589 425}$ Sudeste Sul $\frac{5 735 305}{1 088 182}\frac{25 107 616}{11 636 728}\frac{459 659}{152 189}\frac{3 290 220}{4 291 120}\frac{5 275 646}{935 993}\frac{21 817 396}{7 345 608}$ Centro-Oeste Fonte: IBGE, Censo Demográfico 1940/2000. O valor mais próximo do percentual que descreve o aumento da população nas capitais da Região Nordeste é;125%;231%;331%;700%;800%;0
2016;152;MT;25723;C;21;0;;2.10247;2.63616;0.2797;AMARELA;304;;0;;REGULAR;CAD_ENEM_2016_DIA_2_05_AMARELO.pdf;Um túnel deve ser lacrado com uma tampa de concreto. A seção transversal do túnel e a tampa de concreto têm contornos de um arco de parábola e mesmas dimensões. Para determinar o custo da obra, um engenheiro deve calcular a área sob o arco parabólico em questão. Usando o eixo horizontal no nível do chão e o eixo de simetria da parábola como eixo vertical, obteve a seguinte equação para a parábola: y = 9 - x^{2}, sendo x e y medidos em metros. Sabe-se que a área sob uma parábola como esta é igual a $\frac{2}{3}$ da área do retângulo cujas dimensões são, respectivamente, iguais à base e à altura da entrada do túnel. Qual é a área da parte frontal da tampa de concreto, em metro quadrado?;18;20;36;45;54;0
2016;153;MT;32535;A;3;0;;1.74894;2.09273;0.33334;AMARELA;347;;0;;REAPLICACAO_PPL;CAD_ENEM_2016_DIA_2_05_AMARELO_2.pdf;O Brasil é o quarto produtor mundial de alimentos e é também um dos campeões mundiais de desperdício. São produzidas por ano, aproximadamente, 150 milhões de toneladas de alimentos e, desse total, $\frac{2}{3}$ são produtos de plantio. Em relação ao que se planta, 64% são perdidos ao longo da cadeia produtiva (20% perdidos na colheita, 8% no transporte e armazenamento, 15% na indústria de processamento, 1% no varejo e o restante no processamento culinário e hábitos alimentares). Disponível em: www.bancodealimentos.org.br. Acesso em: 1 ago. 2012. O desperdício durante o processamento culinário e hábitos alimentares, em milhão de tonelada, é igual a;20.;30.;56.;64.;96.;0
2016;153;MT;39762;E;2;0;;2.05535;2.59645;0.17208;AMARELA;304;;0;;REGULAR;CAD_ENEM_2016_DIA_2_05_AMARELO.pdf;Para cadastrar-se em um site, uma pessoa precisa escolher uma senha composta por quatro caracteres, sendo dois algarismos e duas letras (maiúsculas ou minúsculas). As letras e os algarismos podem estar em qualquer posição. Essa pessoa sabe que o alfabeto é composto por vinte e seis letras e que uma letra maiúscula difere da minúscula em uma senha. Disponível em: www.infowester.com. Acesso em: 14 dez. 2012. O número total de senhas possíveis para o cadastramento nesse site é dado por;$10^{2} . 26^{2}$;$10^{2} . 52^{2}$;$10^{2} . 52^{2} . \frac{4!}{2!}$;$10^{2} . 26^{2} . \frac{4!}{2! . 2!}$;$10^{2} . 52^{2} . \frac{4!}{2! . 2!}$;0
2016;155;MT;43250;E;17;0;;2.10484;1.28926;0.17687;AMARELA;347;;0;;REAPLICACAO_PPL;CAD_ENEM_2016_DIA_2_05_AMARELO_2.pdf;Um produtor de maracujá usa uma caixa-d’água, com volume V, para alimentar o sistema de irrigação de seu pomar. O sistema capta água através de um furo no fundo da caixa a uma vazão constante. Com a caixa-d’água cheia, o sistema foi acionado às 7 h da manhã de segunda-feira. Às 13 h do mesmo dia, verificou-se que já haviam sido usados 15% do volume da água existente na caixa. Um dispositivo eletrônico interrompe o funcionamento do sistema quando o volume restante na caixa é de 5% do volume total, para reabastecimento. Supondo que o sistema funcione sem falhas, a que horas o dispositivo eletrônico interromperá o funcionamento?;Às 15 h de segunda-feira.;Às 11 h de terça-feira.;Às 14 h de terça-feira.;Às 4 h de quarta-feira.;Às 21 h de terça-feira.;0
2016;155;MT;83608;E;23;0;;1.41103;2.11256;0.1529;AMARELA;304;;0;;REGULAR;CAD_ENEM_2016_DIA_2_05_AMARELO.pdf;"O setor de recursos humanos de uma empresa pretende fazer contratações para adequar-se ao artigo 93 da Lei n^\circ 8.213/91, que dispõe: Art. 93. A empresa com 100 (cem) ou mais empregados está obrigada a preencher de 2% (dois por cento) a 5% (cinco por cento) dos seus cargos com beneficiários reabilitados ou pessoas com deficiência, habilitadas, na seguinte proporção: I. até 200 empregados ...................................... 2%; II. de 201 a 500 empregados.............................. 3%; III. de 501 a 1 000 empregados........................... 4%; IV. de 1 001 em diante......................................... 5%. Disponível em: www.planalto.gov.br. Acesso em: 3 fev. 2015. Constatou-se que a empresa possui 1 200 funcionários, dos quais 10 são reabilitados ou com deficiência, habilitados. Para adequar-se à referida lei, a empresa contratará apenas empregados que atendem ao perfil indicado no artigo 93. O número mínimo de empregados reabilitados ou com deficiência, habilitados, que deverá ser contratado pela empresa é";74.;70.;64.;60.;53.;0
2016;157;MT;40660;A;2;0;;1.35187;2.42336;0.15877;AMARELA;304;;0;;REGULAR;CAD_ENEM_2016_DIA_2_05_AMARELO.pdf;O tênis é um esporte em que a estratégia de jogo a ser adotada depende, entre outros fatores, de o adversário ser canhoto ou destro. Um clube tem um grupo de 10 tenistas, sendo que 4 são canhotos e 6 são destros. O técnico do clube deseja realizar uma partida de exibição entre dois desses jogadores, porém, não poderão ser ambos canhotos. Qual o número de possibilidades de escolha dos tenistas para a partida de exibição?;$\frac{10!}{2! \times 8!} - \frac{4!}{2! \times 2!}$;$\frac{10!}{8!} - \frac{4!}{2!}$;$\frac{10!}{2! \times 8!} - 2$;$\frac{6!}{4!}   4 \times 4$;$\frac{6!}{4!}   6 \times 4$;0
2016;158;MT;43190;E;12;0;;4.57934;1.82003;0.12926;AMARELA;347;;0;;REAPLICACAO_PPL;CAD_ENEM_2016_DIA_2_05_AMARELO_2.pdf;Uma caixa-d’água em forma de um paralelepípedo retângulo reto, com 4 m de comprimento, 3 m de largura e 2 m de altura, necessita de higienização. Nessa operação, a caixa precisará ser esvaziada em 20 min, no máximo. A retirada da água será feita com o auxílio de uma bomba de vazão constante, em que vazão é o volume do líquido que passa pela bomba por unidade de tempo. A vazão mínima, em litro por segundo, que essa bomba deverá ter para que a caixa seja esvaziada no tempo estipulado é;2.;3.;5.;12.;20.;0
2016;160;MT;38234;C;1;0;;1.46409;1.29597;0.19531;AMARELA;347;;0;;REAPLICACAO_PPL;CAD_ENEM_2016_DIA_2_05_AMARELO_2.pdf;Para comemorar o aniversário de uma cidade, a prefeitura organiza quatro dias consecutivos de atrações culturais. A experiência de anos anteriores mostra que, de um dia para o outro, o número de visitantes no evento é triplicado. É esperada a presença de 345 visitantes para o primeiro dia do evento. Uma representação possível do número esperado de participantes para o último dia é;$3 \times 345$;$(3   3   3) \times 345$;$3^{3} \times 345$;$3 \times 4 \times 345$;$3^{4} \times 345$;0
2016;161;MT;17264;C;12;0;;2.21669;1.90224;0.18132;AMARELA;304;;0;;REGULAR;CAD_ENEM_2016_DIA_2_05_AMARELO.pdf;Um paciente necessita de reidratação endovenosa feita por meio de cinco frascos de soro durante 24 h. Cada frasco tem um volume de 800 mL de soro. Nas primeiras quatro horas, deverá receber 40% do total a ser aplicado. Cada mililitro de soro corresponde a 12 gotas. O número de gotas por minuto que o paciente deverá receber após as quatro primeiras horas será;16.;20.;24.;34.;40.;0
2016;161;MT;32010;E;12;0;;3.63715;1.81884;0.10683;AMARELA;347;;0;;REAPLICACAO_PPL;CAD_ENEM_2016_DIA_2_05_AMARELO_2.pdf;O recinto das provas de natação olímpica utiliza a mais avançada tecnologia para proporcionar aos nadadores condições ideais. Isso passa por reduzir o impacto da ondulação e das correntes provocadas pelos nadadores no seu deslocamento. Para conseguir isso, a piscina de competição tem uma profundidade uniforme de 3 m, que ajuda a diminuir a “reflexão´ da água (o movimento contra uma superfície e o regresso no sentido contrário, atingindo os nadadores), além dos já tradicionais 50 m de comprimento e 25 m de largura. Um clube deseja reformar sua piscina de 50 m de comprimento, 20 m de largura e 2 m de profundidade de forma que passe a ter as mesmas dimensões das piscinas olímpicas. Disponível em: http://desporto.publico.pt. Acesso em: 6 ago. 2012. Após a reforma, a capacidade dessa piscina superará a capacidade da piscina original em um valor mais próximo de;20%.;25%.;47%.;50%.;88%.;0
2016;162;MT;44243;E;7;0;;2.94115;4.08667;0.1354;AMARELA;304;;0;;REGULAR;CAD_ENEM_2016_DIA_2_05_AMARELO.pdf;É comum os artistas plásticos se apropriarem de entes matemáticos para produzirem, por exemplo, formas e imagens por meio de manipulações. Um artista plástico, em uma de suas obras, pretende retratar os diversos polígonos obtidos pelas intersecções de um plano com uma pirâmide regular de base quadrada. Segundo a classificação dos polígonos, quais deles são possíveis de serem obtidos pelo artista plástico?;Quadrados, apenas.;Triângulos e quadrados, apenas.;Triângulos, quadrados e trapézios, apenas.;Triângulos, quadrados, trapézios e quadriláteros irregulares, apenas.;Triângulos, quadrados, trapézios, quadriláteros irregulares e pentágonos, apenas.;0
2016;163;MT;33451;C;4;0;;2.46877;1.15441;0.13288;AMARELA;347;;0;;REAPLICACAO_PPL;CAD_ENEM_2016_DIA_2_05_AMARELO_2.pdf;Até novembro de 2011, não havia uma lei específica que punisse fraude em concursos públicos. Isso dificultava o enquadramento dos fraudadores em algum artigo específico do Código Penal, fazendo com que eles escapassem da Justiça mais facilmente. Entretanto, com o sancionamento da Lei 12.550/11, é considerado crime utilizar ou divulgar indevidamente o conteúdo sigiloso de concurso público, com pena de reclusão de 12 a 48 meses (1 a 4 anos). Caso esse crime seja cometido por um funcionário público, a pena sofrerá um aumento de $\frac{1}{3}$ . Disponível em: www.planalto.gov.br. Acesso em: 15 ago. 2012. Se um funcionário público for condenado por fraudar um concurso público, sua pena de reclusão poderá variar de;4 a 16 meses.;16 a 52 meses.;16 a 64 meses.;24 a 60 meses.;28 a 64 meses.;0
2016;164;MT;96833;A;4;0;;1.75245;1.16274;0.08471;AMARELA;304;;0;;REGULAR;CAD_ENEM_2016_DIA_2_05_AMARELO.pdf;"O LIRAa, Levantamento Rápido do Índice de Infestação por Aedes aegypti, consiste num mapeamento da infestação do mosquito Aedes aegypti. O LIRAa é dado pelo percentual do número de imóveis com focos do mosquito, entre os escolhidos de uma região em avaliação. O serviço de vigilância sanitária de um município, no mês de outubro do ano corrente, analisou o LIRAa de cinco bairros que apresentaram o maior índice de infestação no ano anterior. Os dados obtidos para cada bairro foram: I. 14 imóveis com focos de mosquito em 400 imóveis no bairro; II. 6 imóveis com focos de mosquito em 500 imóveis no bairro; III. 13 imóveis com focos de mosquito em 520 imóveis no bairro; IV. 9 imóveis com focos de mosquito em 360 imóveis no bairro; V. 15 imóveis com focos de mosquito em 500 imóveis no bairro. O setor de dedetização do município definiu que o direcionamento das ações de controle iniciarão pelo bairro que apresentou o maior índice do LIRAa. Disponível em: http://bvsms.saude.gov.br. Acesso em: 28 out. 2015. As ações de controle iniciarão pelo bairro";I.;II.;III.;IV.;V.;0
2016;165;MT;38587;A;5;0;;0.88468;1.19981;0.2034;AMARELA;347;;0;;REAPLICACAO_PPL;CAD_ENEM_2016_DIA_2_05_AMARELO_2.pdf;O gerente de um estacionamento, próximo a um grande aeroporto, sabe que um passageiro que utiliza seu carro nos traslados casa-aeroporto-casa gasta cerca de R$ 10,00 em combustível nesse trajeto. Ele sabe, também, que um passageiro que não utiliza seu carro nos traslados casa-aeroporto-casa gasta cerca de R$ 80,00 com transporte. Suponha que os passageiros que utilizam seus próprios veículos deixem seus carros nesse estacionamento por um período de dois dias. Para tornar atrativo a esses passageiros o uso do estacionamento, o valor, em real, cobrado por dia de estacionamento deve ser, no máximo, de;35,00.;40,00.;45,00.;70,00.;90,00.;0
2016;168;MT;38786;A;3;0;;1.46119;2.45335;0.12054;AMARELA;304;;0;;REGULAR;CAD_ENEM_2016_DIA_2_05_AMARELO.pdf;Densidade absoluta (d) é a razão entre a massa de um corpo e o volume por ele ocupado. Um professor propôs à sua turma que os alunos analisassem a densidade de três corpos: $d_{A}$, $d_{B}$, $d_{C}$. Os alunos verificaram que o corpo A possuía 1,5 vez a massa do corpo B e esse, por sua vez, tinha $\frac{3}{4}$ da massa do corpo C. Observaram, ainda, que o volume do corpo A era o mesmo do corpo B e 20% maior do que o volume do corpo C. Após a análise, os alunos ordenaram corretamente as densidades desses corpos da seguinte maneira;d < d < d;A C B d = d < d B A C;d < d = d C B A;d < d < d B C A;d < d < d C B A;0
2016;170;MT;8476;D;3;0;;1.15634;2.81506;0.10382;AMARELA;304;;0;;REGULAR;CAD_ENEM_2016_DIA_2_05_AMARELO.pdf;Sob a orientação de um mestre de obras, João e Pedro trabalharam na reforma de um edifício. João efetuou reparos na parte hidráulica nos andares 1, 3, 5, 7, e assim sucessivamente, de dois em dois andares. Pedro trabalhou na parte elétrica nos andares 1, 4, 7, 10, e assim sucessivamente, de três em três andares. Coincidentemente, terminaram seus trabalhos no último andar. Na conclusão da reforma, o mestre de obras informou, em seu relatório, o número de andares do edifício. Sabe-se que, ao longo da execução da obra, em exatamente 20 andares, foram realizados reparos nas partes hidráulica e elétrica por João e Pedro. Qual é o número de andares desse edifício?;40;60;100;115;120;0
2016;172;MT;40697;C;4;0;;1.14368;1.45279;0.09976;AMARELA;347;;0;;REAPLICACAO_PPL;CAD_ENEM_2016_DIA_2_05_AMARELO_2.pdf;O pacote de salgadinho preferido de uma menina é vendido em embalagens com diferentes quantidades. A cada embalagem é atribuído um número de pontos na promoção: “Ao totalizar exatamente 12 pontos em embalagens e acrescentar mais R$ 10,00 ao valor da compra, você ganhará um bichinho de pelúcia”. Esse salgadinho é vendido em três embalagens com as seguintes massas, pontos e preços: Massa da Pontos da Preço (R$) embalagem (g) embalagem 50 2 2,00 100 4 3,60 200 6 6,40 A menor quantia a ser gasta por essa menina que a possibilite levar o bichinho de pelúcia nessa promoção é;R$ 10,80.;R$ 12,80.;R$ 20,80.;R$ 22,00.;R$ 22,80.;0
2016;173;MT;28830;D;24;0;;2.0296;0.51146;0.14431;AMARELA;347;;0;;REAPLICACAO_PPL;CAD_ENEM_2016_DIA_2_05_AMARELO_2.pdf;A tabela apresenta parte do resultado de um espermograma (exame que analisa as condições físicas e composição do sêmen humano). Espermograma Características Padrão $\frac{30/11/2009}{2,5}\frac{23/03/2010}{2,5}\frac{09/08/2011}{2,0}\frac{23/08/2011}{4,0}\frac{06/03/2012}{2,0}$ Volume (mL) 2,0 a 5,0 Tempo de Até 60 35 50 60 59 70 liquefação (min) pH 7,2 a 7,8 7,5 7,5 8,0 7,6 8,0 Espermatozoide > 20 000 000 9 400 000 27 000 000 12 800 000 24 200 000 10 200 000 (unidade / mL) Leucócito Até 1 000 2 800 1 000 1 000 900 1 400 (unidade / mL) Hemácia Até 1 000 800 1 200 200 800 800 (unidade / mL) Para analisar o exame, deve-se comparar os resultados obtidos em diferentes datas com o valor padrão de cada característica avaliada. O paciente obteve um resultado dentro dos padrões no exame realizado no dia;30/11/2009.;23/03/2010.;09/08/2011.;23/08/2011.;06/03/2012.;0
2016;173;MT;88786;B;17;0;;1.64372;1.00596;0.08678;AMARELA;304;;0;;REGULAR;CAD_ENEM_2016_DIA_2_05_AMARELO.pdf;"Diante da hipótese do comprometimento da qualidade da água retirada do volume morto de alguns sistemas hídricos, os técnicos de um laboratório decidiram testar cinco tipos de filtros de água. Dentre esses, os quatro com melhor desempenho serão escolhidos para futura comercialização. Nos testes, foram medidas as massas de agentes contaminantes, em miligrama, que não são capturados por cada filtro em diferentes períodos, em dia, como segue: \bullet Filtro 1 (F1): 18 mg em 6 dias; \bullet Filtro 2 (F2): 15 mg em 3 dias; \bullet Filtro 3 (F3): 18 mg em 4 dias; \bullet Filtro 4 (F4): 6 mg em 3 dias; \bullet Filtro 5 (F5): 3 mg em 2 dias. Ao final, descarta-se o filtro com a maior razão entre a medida da massa de contaminantes não capturados e o número de dias, o que corresponde ao de pior desempenho. Disponível em: www.redebrasilatual.com.br. Acesso em: 12 jul. 2015 (adaptado). O filtro descartado é o";F1.;F2.;F3.;F4.;F5.;0
2016;176;MT;18364;A;11;0;;2.81671;1.63196;0.30232;AMARELA;304;;0;;REGULAR;CAD_ENEM_2016_DIA_2_05_AMARELO.pdf;Em uma empresa de móveis, um cliente encomenda um guarda-roupa nas dimensões 220 cm de altura, 120 cm de largura e 50 cm de profundidade. Alguns dias depois, o projetista, com o desenho elaborado na escala 1 : 8, entra em contato com o cliente para fazer sua apresentação. No momento da impressão, o profissional percebe que o desenho não caberia na folha de papel que costumava usar. Para resolver o problema, configurou a impressora para que a figura fosse reduzida em 20%. A altura, a largura e a profundidade do desenho impresso para a apresentação serão, respectivamente,;22,00 cm, 12,00 cm e 5,00 cm.;27,50 cm, 15,00 cm e 6,25 cm.;34,37 cm, 18,75 cm e 7,81 cm.;35,20 cm, 19,20 cm e 8,00 cm.;44,00 cm, 24,00 cm e 10,00 cm.;0
2016;176;MT;40864;B;28;0;;3.88273;3.04173;0.08853;AMARELA;347;;0;;REAPLICACAO_PPL;CAD_ENEM_2016_DIA_2_05_AMARELO_2.pdf;Um casal, ambos com 30 anos de idade, pretende fazer um plano de previdência privada. A seguradora pesquisada, para definir o valor do recolhimento mensal, estima a probabilidade de que pelo menos um deles esteja vivo daqui a 50 anos, tomando por base dados da população, que indicam que 20% dos homens e 30% das mulheres de hoje alcançarão a idade de 80 anos. Qual é essa probabilidade?;50%;44%;38%;25%;6%;0
2016;177;MT;29466;B;10;0;;2.23451;0.11211;0.18219;AMARELA;347;;0;;REAPLICACAO_PPL;CAD_ENEM_2016_DIA_2_05_AMARELO_2.pdf;"Para que o pouso de um avião seja autorizado em um aeroporto, a aeronave deve satisfazer, necessariamente, as seguintes condições de segurança: I. a envergadura da aeronave (maior distância entre as pontas das asas do avião) deve ser, no máximo, igual à medida da largura da pista; II. o comprimento da aeronave deve ser inferior a 60 m; III. a carga máxima (soma das massas da aeronave e sua carga) não pode exceder 110 t. Suponha que a maior pista desse aeroporto tenha 0,045 km de largura, e que os modelos de aviões utilizados pelas empresas aéreas, que utilizam esse aeroporto, sejam dados pela tabela. Dimensões Modelo Carga máxima (comprimento \times envergadura) 44,57 m \times 34,10 m $\frac{A}{B} \frac{110 000 kg}{95 000 kg}$ 44,00 m \times 34,00 m 44,50 m \times 39,50 m $\frac{C}{D} \frac{121 000 kg}{79 010 kg}$ 61,50 m \times 34,33 m E 44,00 m \times 34,00 m 120 000 kg Os únicos aviões aptos a pousar nesse aeroporto, de acordo com as regras de segurança, são os de modelos";e C.;A e B.;B e D.;B e E.;C e E.;0
2016;178;MT;25960;D;2;0;;3.49946;2.72967;0.22381;AMARELA;347;;0;;REAPLICACAO_PPL;CAD_ENEM_2016_DIA_2_05_AMARELO_2.pdf;Com o objetivo de trabalhar a concentração e a sincronia de movimentos dos alunos de uma de suas turmas, um professor de educação física dividiu essa turma em três grupos (A, B e C) e estipulou a seguinte atividade: os alunos do grupo A deveriam bater palmas a cada 2 s, os alunos do grupo B deveriam bater palmas a cada 3 s e os alunos do grupo C deveriam bater palmas a cada 4 s. O professor zerou o cronômetro e os três grupos começaram a bater palmas quando ele registrou 1 s. Os movimentos prosseguiram até o cronômetro registrar 60 s. Um estagiário anotou no papel a sequência formada pelos instantes em que os três grupos bateram palmas simultaneamente. Qual é o termo geral da sequência anotada?;12 n, com n um número natural, tal que 1 δ n δ 5.;24 n, com n um número natural, tal que 1 δ n δ 2.;12 (n - 1), com n um número natural, tal que 1 δ n δ 6.;12 (n - 1)   1, com n um número natural, tal que 1 δ n δ 5.;24 (n - 1)   1, com n um número natural, tal que 1 δ n δ 3.;0
2016;179;MT;59795;E;16;0;;2.1306;1.96996;0.09445;AMARELA;304;;0;;REGULAR;CAD_ENEM_2016_DIA_2_05_AMARELO.pdf;Para garantir a segurança de um grande evento público que terá início às 4 h da tarde, um organizador precisa monitorar a quantidade de pessoas presentes em cada instante. Para cada 2 000 pessoas se faz necessária a presença de um policial. Além disso, estima-se uma densidade de quatro pessoas por metro quadrado de área de terreno ocupado. Às 10 h da manhã, o organizador verifica que a área de terreno já ocupada equivale a um quadrado com lados medindo 500 m. Porém, nas horas seguintes, espera-se que o público aumente a uma taxa de 120 000 pessoas por hora até o início do evento, quando não será mais permitida a entrada de público. Quantos policiais serão necessários no início do evento para garantir a segurança?;360;485;560;740;860;0
2016;180;MT;17303;C;28;0;;1.60519;3.38498;0.33513;AMARELA;347;;0;;REAPLICACAO_PPL;CAD_ENEM_2016_DIA_2_05_AMARELO_2.pdf;Uma caixa contém uma cédula de R$ 5,00, uma de R$ 20,00 e duas de R$ 50,00 de modelos diferentes. Retira-se aleatoriamente uma cédula dessa caixa, anota-se o seu valor e devolve-se a cédula à caixa. Em seguida, repete-se o procedimento anterior. A probabilidade de que a soma dos valores anotados seja pelo menos igual a R$ 55,00 é;$\frac{1}{2}$;$\frac{1}{4}$;$\frac{3}{4}$;$\frac{2}{9}$;$\frac{5}{9}$;0
2016;180;MT;37515;E;27;0;;2.78017;0.90583;0.12599;AMARELA;304;;0;;REGULAR;CAD_ENEM_2016_DIA_2_05_AMARELO.pdf;A permanência de um gerente em uma empresa está condicionada à sua produção no semestre. Essa produção é avaliada pela média do lucro mensal do semestre. Se a média for, no mínimo, de 30 mil reais, o gerente permanece no cargo, caso contrário, ele será despedido. O quadro mostra o lucro mensal, em milhares de reais, dessa empresa, de janeiro a maio do ano em curso. Janeiro Fevereiro Março Abril Maio 21 35 21 30 38 Qual deve ser o lucro mínimo da empresa no mês de junho, em milhares de reais, para o gerente continuar no cargo no próximo semestre?;26;29;30;31;35;0
2017;2;MT;27831;B;12;0;;1.54351;1.29578;0.17641;AMARELA;443;;0;;REAPLICACAO_PPL;ENEM_2017_P2_CAD_05_DIA_2_AMARELO.pdf;Em uma embalagem de farinha encontra-se a receita de um bolo, sendo parte dela reproduzida a seguir: INGREDIENTES \bullet 640 g de farinha (equivalente a 4 xícaras). \bullet 16 g de fermento biológico (equivalente a 2 colheres medidas). Possuindo apenas a colher medida indicada na receita, uma dona de casa teve que fazer algumas conversões para poder medir com precisão a farinha. Considere que a farinha e o fermento possuem densidades iguais. Cada xícara indicada na receita é equivalente a quantas colheres medidas?;10;20;40;80;320;0
2017;4;MT;45300;C;13;0;;0.92225;3.2473;0.18467;AMARELA;404;;0;;REGULAR;ENEM_2017_P1_CAD_05_DIA_2_AMARELO.pdf;Um casal realiza sua mudança de domicílio e necessita colocar numa caixa de papelão um objeto cúbico, de 80 cm de aresta, que não pode ser desmontado. Eles têm à disposição cinco caixas, com diferentes dimensões, conforme descrito: \bullet Caixa 1: 86 cm \times 86 cm \times 86 cm \bullet Caixa 2: 75 cm \times 82 cm \times 90 cm \bullet Caixa 3: 85 cm \times 82 cm \times 90 cm \bullet Caixa 4: 82 cm \times 95 cm \times 82 cm \bullet Caixa 5: 80 cm \times 95 cm \times 85 cm O casal precisa escolher uma caixa na qual o objeto caiba, de modo que sobre o menor espaço livre em seu interior. A caixa escolhida pelo casal deve ser a de número;1.;2.;3.;4.;5.;0
2017;15;MT;11720;B;14;0;;1.54842;2.44318;0.17992;AMARELA;404;;0;;REGULAR;ENEM_2017_P1_CAD_05_DIA_2_AMARELO.pdf;Uma empresa especializada em conservação de piscinas utiliza um produto para tratamento da água cujas especificações técnicas sugerem que seja adicionado 1,5 mL desse produto para cada 1 000 L de água da piscina. Essa empresa foi contratada para cuidar de uma piscina de base retangular, de profundidade constante igual a 1,7 m, com largura e comprimento iguais a 3 m e 5 m, respectivamente. O nível da lâmina d’água dessa piscina é mantido a 50 cm da borda da piscina. A quantidade desse produto, em mililitro, que deve ser adicionada a essa piscina de modo a atender às suas especificações técnicas é;11,25.;27,00.;28,80.;32,25.;49,50.;0
2017;15;MT;16883;E;3;0;;0.89154;1.16465;0.25916;AMARELA;443;;0;;REAPLICACAO_PPL;ENEM_2017_P2_CAD_05_DIA_2_AMARELO.pdf;Duas amigas irão fazer um curso no exterior durante 60 dias e usarão a mesma marca de xampu. Uma delas gasta um frasco desse xampu em 10 dias enquanto que a outra leva 20 dias para gastar um frasco com o mesmo volume. Elas combinam de usar, conjuntamente, cada frasco de xampu que levarem. O número mínimo de frascos de xampu que deverão levar nessa viagem é;2.;4.;6.;8.;9.;0
2017;19;MT;63881;E;19;0;;1.96754;1.96967;0.16563;AMARELA;443;;0;;REAPLICACAO_PPL;ENEM_2017_P2_CAD_05_DIA_2_AMARELO.pdf;O estado de qualquer substância gasosa é determinado pela medida de três grandezas: o volume (V), a pressão (P) e a temperatura (T) dessa substância. Para os chamados gases “ideais”, o valor do quociente $\frac{P\cdotV}{T}$ é sempre constante. Considere um reservatório que está cheio de um gás ideal. Sem vazar o gás, realiza-se uma compressão do reservatório, reduzindo seu volume à metade. Ao mesmo tempo, uma fonte de calor faz a temperatura do gás ser quadruplicada. Considere P e P 0 1 respectivamente, os valores da pressão do gás no reservatório, antes e depois do procedimento descrito. A relação entre P e P é 0 1;$P_{1} = \frac{P_{0}}{8}$;$P_{1} = \frac{P_{0}}{2}$;$P_{1} = P_{0}$;$P_{1} = 2P_{0}$;$P_{1} = 8P_{0}$;0
2017;24;MT;41047;B;29;0;;2.06629;3.8013;0.12848;AMARELA;404;;0;;REGULAR;ENEM_2017_P1_CAD_05_DIA_2_AMARELO.pdf;Três alunos, X, Y e Z, estão matriculados em um curso de inglês. Para avaliar esses alunos, o professor optou por fazer cinco provas. Para que seja aprovado nesse curso, o aluno deverá ter a média aritmética das notas das cinco provas maior ou igual a 6. Na tabela, estão dispostas as notas que cada aluno tirou em cada prova. 1ª 2ª 3ª 4ª 5ª Aluno Prova Prova Prova Prova Prova $\frac{X}{Y}\frac{5}{4}\frac{5}{9}\frac{5}{3}\frac{10}{9}\frac{6}{5}$ Z 5 5 8 5 6 Com base nos dados da tabela e nas informações dadas, ficará(ão) reprovado(s);apenas o aluno Y.;apenas o aluno Z.;apenas os alunos X e Y.;apenas os alunos X e Z.;os alunos X, Y e Z.;0
2017;30;MT;28085;B;7;0;;2.37328;2.04033;0.14653;AMARELA;443;;0;;REAPLICACAO_PPL;ENEM_2017_P2_CAD_05_DIA_2_AMARELO.pdf;O hábito cristalino é um termo utilizado por mineralogistas para descrever a aparência típica de um cristal em termos de tamanho e forma. A granada é um mineral cujo hábito cristalino é um poliedro com 30 arestas e 20 vértices. Um mineralogista construiu um modelo ilustrativo de um cristal de granada pela junção dos polígonos correspondentes às faces. Supondo que o poliedro ilustrativo de um cristal de granada é convexo, então a quantidade de faces utilizadas na montagem do modelo ilustrativo desse cristal é igual a;10.;12.;25.;42.;50.;0
2017;30;MT;29086;C;11;0;;1.9221;1.80836;0.15255;AMARELA;404;;0;;REGULAR;ENEM_2017_P1_CAD_05_DIA_2_AMARELO.pdf;Em uma de suas viagens, um turista comprou uma lembrança de um dos monumentos que visitou. Na base do objeto há informações dizendo que se trata de uma peça em escala 1 : 400, e que seu volume é de 25 cm^{3}. O volume do monumento original, em metro cúbico, é de;100.;400.;1 600.;6 250.;10 000.;0
2017;32;MT;32469;D;30;0;;2.29924;1.97679;0.1483;AMARELA;443;;0;;REAPLICACAO_PPL;ENEM_2017_P2_CAD_05_DIA_2_AMARELO.pdf;Um programa de televisão criou um perfil em uma rede social, e a ideia era que esse perfil fosse sorteado para um dos seguidores, quando esses fossem em número de um milhão. Agora que essa quantidade de seguidores foi atingida, os organizadores perceberam que apenas 80% deles são realmente fãs do programa. Por conta disso, resolveram que todos os seguidores farão um teste, com perguntas objetivas referentes ao programa, e só poderão participar do sorteio aqueles que forem aprovados. Estatísticas revelam que, num teste dessa natureza, a taxa de aprovação é de 90% dos fãs e de 15% dos que não são fãs. De acordo com essas informações, a razão entre a probabilidade de que um fã seja sorteado e a probabilidade de que o sorteado seja alguém que não é fã do programa é igual a;1.;4.;6.;24.;96.;0
2017;34;MT;13654;A;17;0;;2.41137;2.95784;0.11154;AMARELA;443;;0;;REAPLICACAO_PPL;ENEM_2017_P2_CAD_05_DIA_2_AMARELO.pdf;No primeiro ano do ensino médio de uma escola, é hábito os alunos dançarem quadrilha na festa junina. Neste ano, há 12 meninas e 13 meninos na turma, e para a quadrilha foram formados 12 pares distintos, compostos por uma menina e um menino. Considere que as meninas sejam os elementos que compõem o conjunto A e os meninos, o conjunto B, de modo que os pares formados representem uma função f de A em B. Com base nessas informações, a classificação do tipo de função que está presente nessa relação é;f é injetora, pois para cada menina pertencente ao conjunto A está associado um menino diferente pertencente ao conjunto B.;f é sobrejetora, pois cada par é formado por uma menina pertencente ao conjunto A e um menino pertencente ao conjunto B, sobrando um menino sem formar par.;f é injetora, pois duas meninas quaisquer pertencentes ao conjunto A formam par com um mesmo menino pertencente ao conjunto B, para envolver a totalidade de alunos da turma.;f é bijetora, pois dois meninos quaisquer pertencentes ao conjunto B formam par com uma mesma menina pertencente ao conjunto A.;f é sobrejetora, pois basta que uma menina do conjunto A forme par com dois meninos pertencentes ao conjunto B, assim nenhum menino ficará sem par.;0
2017;37;MT;60235;C;18;0;;1.09568;3.01649;0.04704;AMARELA;404;;0;;REGULAR;ENEM_2017_P1_CAD_05_DIA_2_AMARELO.pdf;A energia solar vai abastecer parte da demanda de energia do campus de uma universidade brasileira. A instalação de painéis solares na área dos estacionamentos e na cobertura do hospital pediátrico será aproveitada nas instalações universitárias e também ligada na rede da companhia elétrica distribuidora de energia. O projeto inclui 100 m^2 de painéis solares que ficarão instalados nos estacionamentos, produzindo energia elétrica e proporcionando sombra para os carros. Sobre o hospital pediátrico serão colocados aproximadamente 300 m^2 de painéis, sendo 100 m^2 para gerar energia elétrica utilizada no campus, e 200 m^2 para geração de energia térmica, produzindo aquecimento de água utilizada nas caldeiras do hospital. Suponha que cada metro quadrado de painel solar para energia elétrica gere uma economia de 1 kWh por dia e cada metro quadrado produzindo energia térmica permita economizar 0,7 kWh por dia para a universidade. Em uma segunda fase do projeto, será aumentada em 75% a área coberta pelos painéis solares que geram energia elétrica. Nessa fase também deverá ser ampliada a área de cobertura com painéis para geração de energia térmica. Disponível em: http://agenciabrasil.ebc.com.br. Acesso em: 30 out. 2013 (adaptado). Para se obter o dobro da quantidade de energia economizada diariamente, em relação à primeira fase, a área total dos painéis que geram energia térmica, em metro quadrado, deverá ter o valor mais próximo de;231.;431.;472.;523.;672.;0
2017;43;MT;23115;E;11;0;;2.6096;2.15007;0.10438;AMARELA;443;;0;;REAPLICACAO_PPL;ENEM_2017_P2_CAD_05_DIA_2_AMARELO.pdf;Uma equipe de ambientalistas apresentou um mapa de uma reserva ambiental em que faltava a especificação da escala utilizada para a sua confecção. O problema foi resolvido, pois um dos integrantes da equipe lembrava-se de que a distância real de 72 km, percorrida na reserva, equivalia a 3,6 cm no mapa. Qual foi a escala utilizada na confecção do mapa?;1 : 20;1 : 2 000;1 : 20 000;1 : 200 000;1 : 2 000 000;0
2018;136;MT;111524;A;10;0;;3.86138;1.36143;0.14915;Amarela;460;;0;;REGULAR;ENEM_2018_P1_CAD_05_DIA_2_AMARELO.pdf;"Numa atividade de treinamento realizada no Exército de um determinado país, três equipes – Alpha, Beta e Gama – foram designadas a percorrer diferentes caminhos, todos com os mesmos pontos de partida e de chegada. \bullet A equipe Alpha realizou seu percurso em 90 minutos com uma velocidade média de 6,0 km/h. \bullet A equipe Beta também percorreu sua trajetória em 90 minutos, mas sua velocidade média foi de 5,0 km/h. \bullet Com uma velocidade média de 6,5 km/h, a equipe Gama concluiu seu caminho em 60 minutos. Com base nesses dados, foram comparadas as distâncias d ; d e d percorridas pelas três equipes. Beta Alpha Gama A ordem das distâncias percorridas pelas equipes Alpha, Beta e Gama é";$d_{Gama} - d_{Beta} - d_{Alpha}$;$d_{Alpha} = d_{Beta} < d_{Gama}$;$d_{Gama} < d_{Beta} = d_{Alpha}$;$d_{Beta} - d_{Alpha} - d_{Gama}$;$d_{Gama} - d_{Alpha} - d_{Beta}$;0
2018;137;MT;97059;D;4;0;;3.05583;1.34943;0.10809;Amarela;460;;0;;REGULAR;ENEM_2018_P1_CAD_05_DIA_2_AMARELO.pdf;O colesterol total de uma pessoa é obtido pela soma da taxa do seu “colesterol bom” com a taxa do seu “colesterol ruim”. Os exames periódicos, realizados em um paciente adulto, apresentaram taxa normal de “colesterol bom”, porém, taxa do “colesterol ruim” (também chamado LDL) de 280 mg/dL. O quadro apresenta uma classificação de acordo com as taxas de LDL em adultos. Taxa de LDL (mg/dL) Ótima Menor do que 100 Próxima de ótima De 100 a 129 Limite De 130 a 159 Alta De 160 a 189 Muito alta 190 ou mais Disponível em: www.minhavida.com.br. Acesso em: 15 out. 2015 (adaptado). O paciente, seguindo as recomendações médicas sobre estilo de vida e alimentação, realizou o exame logo após o primeiro mês, e a taxa de LDL reduziu 25%. No mês seguinte, realizou novo exame e constatou uma De acordo com o resultado do segundo exame, a classificação da taxa de LDL do paciente é;ótima.;próxima de ótima.;limite.;alta.;muito alta.;0
2018;138;MT;31817;E;1;0;;1.11015;0.32773;0.19704;Amarela;499;;0;;REAPLICACAO_PPL;ENEM_2018_P2_CAD_05_DIA_2_AMARELO.pdf;Ao acessar uma página da internet, que trata da pesquisa de assuntos de interesse juvenil, encontramos a figura: MANGÁS FÉ LIVROS MÚSICA ESPORTES DANÇA AMOR^{NOVELAS} ESCOLA TEATRO^{CINEMA PAZ AMIZADE} RELIGIÃO POLÍTICA FAMÍLIA LIBERDADESEXO BALADAS^{HQ} Sabe-se que nesse tipo de comunicação visual, comum em páginas da internet, o tamanho das letras está diretamente associado ao número de vezes que o assunto ou termo foi pesquisado ou lido naquela página. Dessa forma, quanto maior o tamanho das letras de cada palavra, maior será o número de vezes que esse tema foi pesquisado. De acordo com a figura, quais são, em ordem decrescente, os três assuntos que mais interessaram às pessoas que acessaram a página citada”;HQ, FÉ, PAZ.;MANGÈS, FÉ, LIVROS.;MÒSICA, BALADAS, AMOR.;AMOR, MÒSICA, BALADAS.;AMOR, BALADAS, MÒSICA.;0
2018;138;MT;48921;A;19;0;;2.1454;2.05264;0.19268;Amarela;460;;0;;REGULAR;ENEM_2018_P1_CAD_05_DIA_2_AMARELO.pdf;Uma empresa deseja iniciar uma campanha publicitária divulgando uma promoção para seus possíveis consumidores. Para esse tipo de campanha, os meios mais viáveis são a distribuição de panfletos na rua e anúncios na rádio local. Considera-se que a população alcançada pela distribuição de panfletos seja igual j quantidade de panfletos distribuídos, enquanto que a alcançada por um anúncio na rádio seja igual à quantidade de ouvintes desse anúncio. O custo de cada anúncio na rádio é de R$ 120,00, e a estimativa é de que seja ouvido por 1 500 pessoas. Já a produção e a distribuição dos panfletos custam R$ 180,00 cada 1 000 unidades. Considerando que cada pessoa será alcançada por um único desses meios de divulgação, a empresa pretende investir em ambas as mídias. Considere X e Y os valores (em real) gastos em anúncios na rádio e com panfletos, respectivamente. O número de pessoas alcançadas pela campanha será dado pela expressão;$\frac{50X}{4}   \frac{50Y}{9}$;$\frac{50X}{9}   \frac{50Y}{4}$;$\frac{4X}{50}   \frac{4Y}{50}$;$\frac{50}{4X}   \frac{50}{9Y}$;$\frac{50}{9X} + \frac{50Y}{4Y}$;0
2018;139;MT;40459;B;14;0;;1.9829;2.07442;0.16681;Amarela;499;;0;;REAPLICACAO_PPL;ENEM_2018_P2_CAD_05_DIA_2_AMARELO.pdf;"Uma empresa de construção comprou um terreno de formato retangular por R$ 700 000,00. O terreno tem 90 m de comprimento e 240 m de largura. O engenheiro da empresa elaborou três projetos diferentes para serem avaliados pela direção da construtora, da seguinte maneira: Projeto 1: dividir o terreno em lotes iguais de 45 m \times 10 m, sem ruas entre os lotes, e vender cada lote por R$ 23 000,00; Projeto 2: dividir o terreno em lotes iguais de 20 m \times 30 m, deixando entre lotes ruas de 10 m de largura e 240 m de comprimento, e vender cada lote por R$ 35 000,00; Projeto 3: dividir o terreno em lotes iguais de 35 m \times 20 m, deixando entre lotes ruas de 20 m de largura e 240 m de comprimento, e vender cada lote por R$ 45 000,00. A direção da empresa decidiu dividir o terreno e utilizar o projeto que permitirá o maior lucro, sendo que este será igual ao valor obtido pela venda dos lotes, menos o valor da compra do terreno. Nesse caso, o lucro da construtora, em real, será de";380 000,00.;404 000,00.;1 104 000,00.;1 120 000,00.;1 460 000,00.;0
2018;143;MT;68273;B;30;0;;1.77477;1.93949;0.18855;Amarela;499;;0;;REAPLICACAO_PPL;ENEM_2018_P2_CAD_05_DIA_2_AMARELO.pdf;No quadro estão representadas as quantidades de certos tipos de vinho vendidos durante um ano e o lucro por unidade vendida de cada um desses tipos. Para repor seu estoque, o proprietário escolherá apenas os tipos de vinho em que o lucro total com sua venda foi maior do que a média entre os lucros obtidos com a venda de todos os tipos. Tipo de vinho III $\frac{I}{120}\frac{II}{50} \frac{IV}{47}\frac{V}{70}\frac{VI}{90}$ Unidades vendidas $\frac{71}{10,00}$ Lucro por unidade (R$) 6,00 12,00 20,00 5,00 12,00 Conforme condições estabelecidas, os tipos de vinhos escolhidos serão;I e VI.;IV e VI.;I, IV e VI.;II, IV e VI.;II, III, IV e VI.;0
2018;144;MT;16331;C;16;0;;1.41371;0.60518;0.19362;Amarela;499;;0;;REAPLICACAO_PPL;ENEM_2018_P2_CAD_05_DIA_2_AMARELO.pdf;Para pintar um automóvel, cuja cor é personalizada, a oficina encarregada de fazer o serviço terá de, por meio de uma mistura adequada de tintas, compor tons de azul e de branco. O tom azul representa 40% dessa mistura. Sabe-se, ainda, que a oficina deverá adquirir somente a tinta de tom azul, pois já possui, em seus estoques, 6 litros da tinta de tom branco, que serão totalmente utilizados na referida composição. A quantidade, em litro, de tinta de tom azul que a oficina deverá adquirir para compor essa mistura, sem que haja sobras, é;2,4.;3,6.;4,0.;9,0.;10,0.;0
2018;144;MT;111557;C;11;0;;1.67338;3.02425;0.21851;Amarela;460;;0;;REGULAR;ENEM_2018_P1_CAD_05_DIA_2_AMARELO.pdf;Uma empresa de comunicação tem a tarefa de elaborar um material publicitário de um estaleiro para divulgar um novo navio, equipado com um guindaste de 15 m de altura e uma esteira de 90 m de comprimento. No desenho desse navio, a representação do guindaste deve ter sua altura entre 0,5 cm e 1 cm, enquanto a esteira deve apresentar comprimento superior a 4 cm. Todo o desenho deverá ser feito em uma escala 1 : X. Os valores possíveis para X são, apenas,;X ! 1 500.;X - 3 000.;1 500 - X - 2 250.;1 500 - X - 3 000.;2 250 - X - 3 000.;0
2018;146;MT;26563;E;10;0;;2.06092;0.62653;0.20214;Amarela;499;;0;;REAPLICACAO_PPL;ENEM_2018_P2_CAD_05_DIA_2_AMARELO.pdf;A Lei da Gravitação, de Isaac Newton, estabelece a intensidade da força entre dois objetos. Ela é dada pela equação F g \frac{m_{1}$m_{2}$}{d^{2}}, sendo $m_{1}$ e $m_{2}$ as massas dos objetos, d a distância entre eles, g a constante universal da gravitação e F a intensidade da força gravitacional que um objeto exerce sobre o outro. Considere um esquema que represente cinco satélites de mesma massa orbitando a Terra. Denote os satélites por A, B, C, D e E, sendo esta a ordem decrescente da distância da Terra (A o mais distante e E o mais próximo da Terra). De acordo com a Lei da Gravitação Universal, a Terra exerce maior força sobre o satélite;A.;B.;C.;D.;E.;0
2018;148;MT;16115;B;27;0;;2.42591;0.70311;0.14426;Amarela;499;;0;;REAPLICACAO_PPL;ENEM_2018_P2_CAD_05_DIA_2_AMARELO.pdf;Dois amigos abriram um restaurante. No primeiro ano, o custo total com as despesas do restaurante chegou a 250 mil reais. A receita neste ano foi de 325 mil reais, obtendo assim um lucro de 75 mil reais (diferença entre a receita e o custo total). A tabela representa o custo total e a receita nos cinco primeiros anos. Custo total Receita Ano (milhar de real) (milhar de real) Primeiro 250 325 Segundo 270 355 Terceiro 290 350 Quarto 280 365 Quinto 260 305 De acordo com a tabela, a média anual do lucro, em milhar de real, ao longo dos cinco anos é;60.;70.;75.;80.;85.;0
2018;148;MT;86027;B;22;0;;1.4909;3.45729;0.09597;Amarela;460;;0;;REGULAR;ENEM_2018_P1_CAD_05_DIA_2_AMARELO.pdf;Para apagar os focos A e B de um incêndio, que estavam a uma distância de 30 m um do outro, os bombeiros de um quartel decidiram se posicionar de modo que a distância de um bombeiro ao foco A, de temperatura mais elevada, fosse sempre o dobro da distância desse bombeiro ao foco B, de temperatura menos elevada. Nestas condições, a maior distância, em metro, que dois bombeiros poderiam ter entre eles é;30.;40.;45.;60.;68.;0
2018;149;MT;62736;E;2;0;;2.43503;1.6332;0.12168;Amarela;460;;0;;REGULAR;ENEM_2018_P1_CAD_05_DIA_2_AMARELO.pdf;Torneios de tênis, em geral, são disputados em sistema de eliminatória simples. Nesse sistema, são disputadas partidas entre dois competidores, com a eliminação do perdedor e promoção do vencedor para a fase seguinte. Dessa forma, se na 1^{$\frac{a}{a}$} fase o torneio conta com 2n competidores, então na 2 fase restarão n competidores, e assim sucessivamente até a partida final. Em um torneio de tênis, disputado nesse sistema, participam 128 tenistas. Para se definir o campeão desse torneio, o número de partidas necessárias é dado por;$2 \times 128$;64   32   16   8   4   2;128   64   32   16   8   4   2   1;128   64   32   16   8   4   2;64   32   16   8   4   2   1;0
2018;150;MT;28698;C;3;0;;2.45783;1.71544;0.16215;Amarela;499;;0;;REAPLICACAO_PPL;ENEM_2018_P2_CAD_05_DIA_2_AMARELO.pdf;Alguns modelos de rádios automotivos estão protegidos por um código de segurança. Para ativar o sistema de áudio, deve-se digitar o código secreto composto por quatro algarismos. No primeiro caso de erro na digitação, a pessoa deve esperar 60 segundos para digitar o código novamente. O tempo de espera duplica, em relação ao tempo de espera anterior, a cada digitação errada. Uma pessoa conseguiu ativar o rádio somente na quarta tentativa, sendo de 30 segundos o tempo gasto para digitação do código secreto a cada tentativa. Nos casos da digitação incorreta, ela iniciou a nova tentativa imediatamente após a liberação do sistema de espera. O tempo total, em segundo, gasto por essa pessoa para ativar o rádio foi igual a;300.;420.;540.;660.;1 020.;0
2018;152;MT;15292;B;16;0;;3.33463;1.86899;0.21641;Amarela;460;;0;;REGULAR;ENEM_2018_P1_CAD_05_DIA_2_AMARELO.pdf;"Os tipos de prata normalmente vendidos são 975, 950 e 925. Essa classificação é feita de acordo com a sua pureza. Por exemplo, a prata 975 é a substkncia constituída de 975 partes de prata pura e 25 partes de cobre em 1 000 partes da substância. Já a prata 950 é constituída de 950 partes de prata pura e 50 de cobre em 1 000; e a prata 925 é constituída de 925 partes de prata pura e 75 partes de cobre em 1 000. Um ourives possui 10 gramas de prata 925 e deseja obter 40 gramas de Nessas condições, quantos gramas de prata e de cobre, respectivamente, devem ser fundidos com os 10 gramas de prata 925”";29,25 e 0,75;28,75 e 1,25;28,50 e 1,50;27,75 e 2,25;25,00 e 5,00;0
2018;153;MT;85357;D;5;0;;1.62495;2.27702;0.14806;Amarela;499;;0;;REAPLICACAO_PPL;ENEM_2018_P2_CAD_05_DIA_2_AMARELO.pdf;Uma pessoa tem massa corporal de 167 kg. Sob orientação de um nutricionista, submeteu-se a um regime alimentar, em que se projeta que a perda de quilos mensais seja inferior a 5 kg. Após iniciar o regime, observou-se, nos três primeiros meses, uma perda de 4 kg por mês, e nos quatro meses seguintes, uma perda mensal de 3 kg. Daí em diante, segundo as recomendações do nutricionista, deveria haver uma perda mensal fixa em cada um dos meses subsequentes, objetivando alcançar a massa corporal de 71 kg ao final do regime. Segundo as projeções e recomendações do nutricionista, para alcançar seu objetivo, a duração mínima, em mês, que essa pessoa deverá manter o seu regime será de;15.;20.;21.;22.;25.;0
2018;155;MT;63649;E;29;0;;1.69385;1.31902;0.14411;Amarela;499;;0;;REAPLICACAO_PPL;ENEM_2018_P2_CAD_05_DIA_2_AMARELO.pdf;"No final de uma matéria sobre sorte e azar publicada em uma revista, o leitor tem a opção de realizar um teste no qual ele deve responder a dez perguntas sobre cinco temas, sendo cinco sobre sorte e cinco sobre azar. Para cada pergunta, o leitor marca apenas uma alternativa dentre as seis opções de respostas, sendo que a alternativa escolhida está associada a uma nota entre os valores 1, 3, 5, 7, 8 e 9. Um leitor respondeu ao teste, obtendo as notas de sorte e de azar para as perguntas e representou-as no Quadro 1. Quadro 1 Tema 1 Tema 2 Tema 3 Tema 4 Tema 5 Sorte $\frac{1}{8}\frac{3}{5}\frac{9}{5}\frac{7}{5}\frac{7}{9}$ Azar O resultado do teste x é calculado como sendo a diferença entre as médias aritméticas das notas de sorte e de azar, nessa ordem. A classificação desse resultado é dada de acordo com o Quadro 2. Quadro 2 Resultado Você é muito azarado x δ -4 Você é azarado -4 - x - -1 Você está na média -1 δ x δ 1 Você é sortudo 1 - x - 4 Você é muito sortudo x t 4 SANTI, A.; KIST, C. Sorte: manual de instruções. Superinteressante, ago. 2012 (adaptado). De acordo com os dados apresentados, a classificação do resultado do teste desse leitor é";“Você é azarado”.;“Você é sortudo”.;“Você é muito azarado”.;“Você é muito sortudo”.;“Você está na média”.;0
2018;158;MT;86988;D;13;0;;1.41648;1.88079;0.16685;Amarela;460;;0;;REGULAR;ENEM_2018_P1_CAD_05_DIA_2_AMARELO.pdf;Um artesão possui potes cilíndricos de tinta cujas medidas externas são 4 cm de dikmetro e 6 cm de altura. Ele pretende adquirir caixas organizadoras para armazenar seus potes de tinta, empilhados verticalmente com tampas voltadas para cima, de forma que as caixas possam ser fechadas. No mercado, existem cinco opções de caixas organizadoras, com tampa, em formato de paralelepípedo reto retângulo, vendidas pelo mesmo preço, possuindo as seguintes dimensões internas: Comprimento Largura Altura Modelo $\frac{(cm)}{8}\frac{(cm)}{8}\frac{(cm)}{40}$ $\frac{I}{II}$ $\frac{8}{18}\frac{20}{5}\frac{14}{35}$ III $\frac{IV}{V}\frac{20}{24}\frac{12}{8}\frac{12}{14}$ Qual desses modelos o artesão deve adquirir para conseguir armazenar o maior número de potes por caixa?;I;II;III;IV;V;0
2018;160;MT;29938;C;3;0;;1.15923;1.57022;0.17437;Amarela;460;;0;;REGULAR;ENEM_2018_P1_CAD_05_DIA_2_AMARELO.pdf;Um edifício tem a numeração dos andares iniciando no térreo (T ), e continuando com primeiro, segundo, terceiro, ..., até o último andar. Uma criança entrou no elevador e, tocando no painel, seguiu uma sequência de andares, parando, abrindo e fechando a porta em diversos andares. A partir de onde entrou a criança, o elevador subiu sete andares, em seguida desceu dez, desceu mais treze, subiu nove, desceu quatro e parou no quinto andar, finalizando a sequência. Considere que, no trajeto seguido pela criança, o elevador parou uma vez no último andar do edifício. De acordo com as informações dadas, o último andar do edifício é o;16 $\frac{o}{o}$;22;$23^{\frac{o}{o}}$;25;$32^{o}$;0
2018;161;MT;23720;B;26;0;;2.31191;2.61753;0.06719;Amarela;499;;0;;REAPLICACAO_PPL;ENEM_2018_P2_CAD_05_DIA_2_AMARELO.pdf;Um comerciante abrirá um supermercado, no mês de outubro, e precisa distribuir 5 produtos de limpeza em uma gôndola de cinco prateleiras que estão dispostas uma acima da outra (um tipo de produto por prateleira). Ele sabe que a terceira prateleira oferece uma melhor visibilidade dos produtos aos clientes. Ele fez uma pesquisa sobre o número de vendas desses produtos, nos meses de agosto e setembro, em uma loja da concorrência (mostrada a seguir), e pretende incrementar suas vendas, em relação a seu concorrente, colocando na terceira prateleira de seu supermercado o produto que teve o maior índice de aumento nas vendas no mês de setembro em relação ao mês de agosto, na loja concorrente. Número de Número de Produto unidades vendidas unidades vendidas em agosto em setembro 400 450 $\frac{I}{II}$ 210 295 III 200 220 300 390 $\frac{IV}{V}$ 180 240 O comerciante deve colocar na terceira prateleira o produto número;I.;II.;III.;IV.;V.;0
2018;161;MT;83742;C;2;0;;1.78838;2.97454;0.24777;Amarela;460;;0;;REGULAR;ENEM_2018_P1_CAD_05_DIA_2_AMARELO.pdf;O Salão do Automóvel de São Paulo é um evento no qual vários fabricantes expõem seus modelos mais recentes de veículos, mostrando, principalmente, suas inovações em design e tecnologia. Disponível em: http://g1.globo.com. Acesso em: 4 fev. 2015 (adaptado). Uma montadora pretende participar desse evento com dois estandes, um na entrada e outro na região central do salão, expondo, em cada um deles, um carro compacto e uma caminhonete. Para compor os estandes, foram disponibilizados pela montadora quatro carros compactos, de modelos distintos, e seis caminhonetes de diferentes cores para serem escolhidos aqueles que serão expostos. A posição dos carros dentro de cada estande é irrelevante. Uma expressão que fornece a quantidade de maneiras diferentes que os estandes podem ser compostos é;$A^{4}$;$C^{4}$;$C^{2} C^{2} 2\times2 4 6$;$A^{2} A^{2} 2\times2 4 6$;$C^{2} \timesC^{2} 4 6$;0
2018;162;MT;12922;C;28;0;;3.0651;1.86549;0.14637;Amarela;460;;0;;REGULAR;ENEM_2018_P1_CAD_05_DIA_2_AMARELO.pdf;Os alunos da disciplina de estatística, em um curso universitário, realizam quatro avaliações por semestre com os pesos de 20%, 10%, 30% e 40%, respectivamente. No final do semestre, precisam obter uma média nas quatro avaliações de, no mínimo, 60 pontos para serem aprovados. Um estudante dessa disciplina obteve os seguintes pontos nas três primeiras avaliações: 46, 60 e 50, respectivamente. O mínimo de pontos que esse estudante precisa obter na quarta avaliação para ser aprovado é;29,8.;71,0.;74,5.;75,5.;84,0.;0
2018;163;MT;12770;B;28;0;;2407;2637;222;Amarela;499;;0;;REAPLICACAO_PPL;ENEM_2018_P2_CAD_05_DIA_2_AMARELO.pdf;O gerente de uma empresa sabe que 70% de seus funcionários são do sexo masculino e foi informado de que a porcentagem de empregados fumantes nessa empresa é de 5% dos homens e de 5% das mulheres. Selecionando, ao acaso, a ficha de cadastro de um dos funcionários, verificou tratar-se de um fumante. Qual a probabilidade de esse funcionário ser do sexo feminino”;50,0%;30,0%;16,7%;5,0%;1,5%;0
2018;163;MT;53559;D;28;0;;2.92985;1.87774;0.13712;Amarela;460;;0;;REGULAR;ENEM_2018_P1_CAD_05_DIA_2_AMARELO.pdf;O gerente do setor de recursos humanos de uma empresa está organizando uma avaliação em que uma das etapas é um jogo de perguntas e respostas. Para essa etapa, ele classificou as perguntas, pelo nível de dificuldade, em fácil, médio e difícil, e escreveu cada pergunta em cartões para colocação em uma urna. Contudo, após depositar vinte perguntas de diferentes níveis na urna, ele observou que 25% delas eram de nível fácil. Querendo que as perguntas de nível fácil sejam a maioria, o gerente decidiu acrescentar mais perguntas de nível fácil à urna, de modo que a probabilidade de o primeiro participante retirar, aleatoriamente, uma pergunta de nível fácil seja de 75%. Com essas informações, a quantidade de perguntas de nível fácil que o gerente deve acrescentar à urna é igual a;10.;15.;35.;40.;45.;0
2018;164;MT;60664;D;17;0;;2.55016;1.47726;0.11407;Amarela;499;;0;;REAPLICACAO_PPL;ENEM_2018_P2_CAD_05_DIA_2_AMARELO.pdf;O quadro apresenta os dados da pescaria de uma espécie de peixe realizada ao final de um dia de pesca, em lagos diferentes. Número Número de Quantidade Lago (L) de barcos horas de pescada utilizados (B) pesca (H) (C, em kg) $\frac{I}{II}\frac{5}{6}\frac{5}{10}\frac{250}{300}$ III $\frac{4}{3}\frac{5}{7}\frac{180}{215}$ $\frac{IV}{V}$ 3 10 220 Considere que a medida do esforço de pesca (E) seja dada pela função E 2 \cdot $10^{- 7}$ \cdot B \cdot H. A captura (quantidade pescada C) e a população de peixes P(L) dessa espécie no lago L, no início desse dia de pescaria, relacionam-se pela fórmula C E \cdot P(L). Em qual lago a população de peixes dessa espécie era maior no início do dia”;I;II;III;IV;V;0
2018;164;MT;82123;A;1;0;;1.75065;2.4194;0.14805;Amarela;460;;0;;REGULAR;ENEM_2018_P1_CAD_05_DIA_2_AMARELO.pdf;A Transferência Eletrônica Disponível (TED) é uma transação financeira de valores entre diferentes bancos. Um economista decide analisar os valores enviados por meio de TEDs entre cinco bancos (1, 2, 3, 4 e 5) durante um mês. Para isso, ele dispõe esses valores em uma matriz A [a ], em que 1 δ i δ 5 e 1 δ j δ 5, e o elemento ij a corresponde ao total proveniente das operações feitas ij via TED, em milhão de real, transferidos do banco i para o banco j durante o mês. Observe que os elementos a 0, uma vez que TED é uma transferência entre bancos ii distintos. Esta é a matriz obtida para essa análise: ⎡ 0 2 2⎤ ⎢ ⎥ ⎢0 0 2 1 0⎥ A = ⎢1 2 0 1 1⎥ ⎢ ⎥ ⎢0 2 2 0 0⎥ ⎢⎣3 0 1 1 0⎥⎦ Com base nessas informações, o banco que transferiu a maior quantia via TED é o banco;1.;2.;3.;4.;5.;0
2018;165;MT;68923;E;16;0;;1.89724;2.49477;0.12405;Amarela;499;;0;;REAPLICACAO_PPL;ENEM_2018_P2_CAD_05_DIA_2_AMARELO.pdf;Em uma corrida de dez voltas disputada por dois carros antigos, A e B, o carro A completou as dez voltas antes que o carro B completasse a oitava volta. Sabe-se que durante toda a corrida os dois carros mantiveram velocidades constantes iguais a 18 m/s e 14 m/s. Sabe-se também que o carro B gastaria 288 segundos para completar oito voltas. A distância, em metro, que o carro B percorreu do início da corrida até o momento em que o carro A completou a décima volta foi mais próxima de;6 480.;5 184.;5 040.;4 032.;3 920.;0
2018;166;MT;25028;D;21;0;;2.44694;1.50791;0.13123;Amarela;499;;0;;REAPLICACAO_PPL;ENEM_2018_P2_CAD_05_DIA_2_AMARELO.pdf;Visando atingir metas econômicas previamente estabelecidas, é comum no final do mês algumas lojas colocarem certos produtos em promoção. Uma determinada loja de departamentos colocou em oferta os seguintes produtos: televisão, sofá e estante. Na compra da televisão mais o sofá, o cliente pagaria R$ 3 800,00. Se ele levasse o sofá mais a estante, pagaria R$ 3 400,00. A televisão mais a estante sairiam por R$ 4 200,00. Um cliente resolveu levar duas televisões e um sofá que estavam na promoção, conseguindo ainda mais 5% de desconto pelo pagamento à vista. O valor total, em real, pago pelo cliente foi de;3 610,00.;5 035,00.;5 415,00.;5 795,00.;6 100,00.;0
2018;167;MT;12961;D;28;0;;1.87811;3.39861;0.04208;Amarela;499;;0;;REAPLICACAO_PPL;ENEM_2018_P2_CAD_05_DIA_2_AMARELO.pdf;Uma senhora acaba de fazer uma ultrassonografia e descobre que está grávida de quadrigêmeos. Qual é a probabilidade de nascerem dois meninos e duas meninas”;$\frac{1}{16}$;$\frac{3}{16}$;$\frac{1}{4}$;$\frac{3}{8}$;$\frac{1}{2}$;0
2018;167;MT;32953;D;25;0;;3.16831;1.44943;0.19086;Amarela;460;;0;;REGULAR;ENEM_2018_P1_CAD_05_DIA_2_AMARELO.pdf;Devido ao não cumprimento das metas definidas para a campanha de vacinação contra a gripe comum e o vírus H1N1 em um ano, o Ministério da Saúde anunciou a prorrogação da campanha por mais uma semana. A tabela apresenta as quantidades de pessoas vacinadas dentre os cinco grupos de risco até a data de início da prorrogação da campanha. Balanço parcial nacional da vacinação contra a gripe População já População vacinada Grupo de risco (milhão) (milhão) (%) Crianças 4,5 0,9 20 Profissionais de saúde 2,0 1,0 50 Gestantes 2,5 1,5 60 Indígenas 0,5 0,4 80 Idosos 20,5 8,2 40 Disponível em: http://portalsaude.saude.gov.br. Acesso em: 16 ago. 2012. Qual é a porcentagem do total de pessoas desses grupos de risco já vacinadas?;12;18;30;40;50;0
2018;168;MT;29575;D;25;0;;1.43852;1.67651;0.11455;Amarela;499;;0;;REAPLICACAO_PPL;ENEM_2018_P2_CAD_05_DIA_2_AMARELO.pdf;Em um jogo de tabuleiro, a pontuação é marcada com fichas coloridas. Cada ficha vermelha vale um ponto. Três fichas vermelhas podem ser trocadas por uma azul, três fichas azuis podem ser trocadas por uma branca, e três fichas brancas podem ser trocadas por uma verde. Ao final do jogo, os jogadores A, B e C terminaram, cada um, com as quantidades de fichas, conforme a tabela seguinte: Fichas Fichas Fichas Fichas verdes brancas azuis vermelhas Jogador A $\frac{3}{2}\frac{1}{4}\frac{1}{0}\frac{4}{9}$ Jogador B Jogador C 1 5 8 2 De acordo com essa tabela, as classificações em primeiro, segundo e terceiro lugares ficaram, respectivamente, para os jogadores;A, B e C.;B, A e C.;C, B e A.;B, C e A.;C, A e B.;0
2018;171;MT;111523;C;17;0;;0.89075;3.58175;0.2242;Amarela;460;;0;;REGULAR;ENEM_2018_P1_CAD_05_DIA_2_AMARELO.pdf;Com o avanço em ciência da computação, estamos próximos do momento em que o número de transistores no processador de um computador pessoal será da mesma ordem de grandeza que o número de neurônios em um cérebro humano, que é da ordem de 100 bilhões. Uma das grandezas determinantes para o desempenho de um processador é a densidade de transistores, que é o número de transistores por centímetro quadrado. Em 1986, uma empresa fabricava um processador contendo 100 000 transistores distribuídos em 0,25 cm^{2} de área. Desde então, o número de transistores por centímetro quadrado que se pode colocar em um processador dobra a cada dois anos (Lei de Moore). Disponível em: www.pocket-lint.com. Acesso em: 1 dez. 2017 (adaptado). Considere 0,30 como aproximação para log_{10}2. Em que ano a empresa atingiu ou atingirá a densidade de 100 bilhões de transistores?;1999;2002;2022;2026;2146;0
2018;172;MT;18456;B;21;0;;2.60715;3.02371;0.30706;Amarela;460;;0;;REGULAR;ENEM_2018_P1_CAD_05_DIA_2_AMARELO.pdf;Uma loja vende automóveis em N parcelas iguais sem juros. No momento de contratar o financiamento, caso o cliente queira aumentar o prazo, acrescentando mais 5 parcelas, o valor de cada uma das parcelas diminui R$ 200,00, ou se ele quiser diminuir o prazo, com 4 parcelas a menos, o valor de cada uma das parcelas sobe R$ 232,00. Considere ainda que, nas três possibilidades de pagamento, o valor do automóvel é o mesmo, todas são sem juros e não é dado desconto em nenhuma das situações. Nessas condições, qual é a quantidade N de parcelas a serem pagas de acordo com a proposta inicial da loja?;20;24;29;40;58;0
2018;173;MT;7697;D;19;0;;3766;2.06;156;Amarela;499;;0;;REAPLICACAO_PPL;ENEM_2018_P2_CAD_05_DIA_2_AMARELO.pdf;Em certa página de um livro foi anotada uma senha. Para se descobrir qual é a página, dispõe-se da informação de que a soma dos quadrados dos três números correspondentes à página da senha, à página anterior e à página posterior é igual a um certo número k que será informado posteriormente. Denotando por n o número da página da senha, qual é a expressão que relaciona n e k”;$3n^{2} - 4n k - 2$;$3n^{2}   4n k - 2$;$3n^{2} k   2$;$3n^{2} k - 2$;$3n^{2} k$;0
2018;173;MT;61172;C;26;0;;1.88752;2.03259;0.09961;Amarela;460;;0;;REGULAR;ENEM_2018_P1_CAD_05_DIA_2_AMARELO.pdf;O salto ornamental é um esporte em que cada competidor realiza seis saltos. A nota em cada salto é calculada pela soma das notas dos juízes, multiplicada pela nota de partida (o grau de dificuldade de cada salto). Fica em primeiro lugar o atleta que obtiver a maior soma das seis notas recebidas. O atleta 10 irá realizar o último salto da final. Ele observa no Quadro 1, antes de executar o salto, o recorte do quadro parcial de notas com a sua classificação e a dos três primeiros lugares até aquele momento. Quadro 1 Classificação Atleta $6^{o}$ Salto Total $\frac{1}{2}^{\frac{o}{o}} \frac{3}{4}\frac{135,0}{140,0}\frac{829,0}{825,2}$ 140,4 $\frac{3}{6}^{\frac{o}{o}} \frac{8}{10} \frac{824,2}{687,5}$ Ele precisa decidir com seu treinador qual salto deverá realizar. Os dados dos possíveis tipos de salto estão no Quadro 2. Quadro 2 Tipo Nota Estimativa da Probabilidade de de soma das notas de obter a salto partida dos juízes nota $\frac{T1}{T2}\frac{2,2}{2,4} \frac{89,76%}{93,74%}$ $\frac{T3}{T4}\frac{2,6}{2,8} \frac{91,88%}{95,38%}$ T5 3,0 53 87,34% O atleta optará pelo salto com a maior probabilidade de obter a nota estimada, de maneira que lhe permita alcançar o primeiro lugar. Considerando essas condições, o salto que o atleta deverá escolher é o de tipo;T1.;T2.;T3.;T4.;T5.;0
2018;176;MT;26992;C;11;0;;2.76044;1.25047;0.16759;Amarela;499;;0;;REAPLICACAO_PPL;ENEM_2018_P2_CAD_05_DIA_2_AMARELO.pdf;Um vaso decorativo quebrou e os donos vão encomendar outro para ser pintado com as mesmas características. Eles enviam uma foto do vaso na escala 1 : 5 (em relação ao objeto original) para um artista. Para ver melhor os detalhes do vaso o artista solicita uma cópia impressa da foto com dimensões triplicadas em relação js dimensões da foto original. Na cópia impressa, o vaso quebrado tem uma altura de 30 centímetros. Qual é a altura real, em centímetros, do vaso quebrado”;2;18;50;60;90;0
2018;176;MT;111718;E;29;0;;0.24681;3.47775;0.02647;Amarela;460;;0;;REGULAR;ENEM_2018_P1_CAD_05_DIA_2_AMARELO.pdf;"Para ganhar um prêmio, uma pessoa deverá retirar, sucessivamente e sem reposição, duas bolas pretas de uma mesma urna. Inicialmente, as quantidades e cores das bolas são como descritas a seguir: \bullet Urna A – Possui três bolas brancas, duas bolas pretas e uma bola verde; \bullet Urna B – Possui seis bolas brancas, três bolas pretas e uma bola verde; \bullet Urna C – Possui duas bolas pretas e duas bolas verdes; \bullet Urna D – Possui três bolas brancas e três bolas pretas. A pessoa deve escolher uma entre as cinco opções apresentadas: \bullet Opção 1 \pm Retirar, aleatoriamente, duas bolas da urna A; \bullet Opção 2 \pm Retirar, aleatoriamente, duas bolas da urna B; \bullet Opção 3 \pm Passar, aleatoriamente, uma bola da urna C para a urna A; após isso, retirar, aleatoriamente, duas bolas da urna A; \bullet Opção 4 \pm Passar, aleatoriamente, uma bola da urna D para a urna C; após isso, retirar, aleatoriamente, duas bolas da urna C; \bullet Opção 5 \pm Passar, aleatoriamente, uma bola da urna C para a urna D; após isso, retirar, aleatoriamente, duas bolas da urna D. Com o objetivo de obter a maior probabilidade possível de ganhar o prêmio, a pessoa deve escolher a opção";1.;2.;3.;4.;5.;0
2018;177;MT;111554;B;23;0;;2.77807;3.31893;0.28666;Amarela;460;;0;;REGULAR;ENEM_2018_P1_CAD_05_DIA_2_AMARELO.pdf;A Ecofont possui design baseado na velha fonte Vera Sans. Porém, ela tem um diferencial: pequenos buraquinhos circulares congruentes, e em todo o seu corpo, presentes em cada símbolo. Esses furos proporcionam um gasto de tinta menor na hora da impressão. Suponha que a palavra ECO esteja escrita nessa fonte, com tamanho 192, e que seja composta por letras formadas por quadrados de lados x com furos circulares de raio r =^{$\frac{x}{3}$}. Para que a área a ser pintada seja reduzida a ^{$\frac{1}{16}$} da área inicial, pretende-se reduzir o tamanho da fonte. Sabe-se que, ao alterar o tamanho da fonte, o tamanho da letra é alterado na mesma proporção. Nessas condições, o tamanho adequado da fonte será;64.;48.;24.;21.;12.;0
2019;139;MT;24334;A;16;0;;1.1465;2.4161;0.24172;Amarela;555;;0;;REAPLICACAO_PPL;ENEM_2019_P2_CAD_05_DIA_2_AMARELO.pdf;A ingestão de sódio no Brasil, que já é normalmente alta, tende a atingir os mais elevados índices no inverno, quando cresce o consumo de alimentos calóricos e condimentados. Mas, o sal não é um vilão, ele pode e deve ser consumido diariamente, salvo algumas restrições. Para uma pessoa saudável, o consumo máximo de sal de cozinha (cloreto de sódio) não deve ultrapassar 6 g diárias ou 2,4 g de sódio, considerando que o sal de cozinha é composto por 40% de sódio e 60% de cloro. Disponível em: http://depoisdos25.com. Acesso em: 31 jul. 2012 (adaptado). Considere uma pessoa saudável que, no decorrer de 30 dias, consuma 450 g de sal de cozinha. O seu consumo médio diário excede ao consumo máximo recomendado diariamente em;150%;250%;275%;525%;625%;0
2019;141;MT;96736;C;17;0;;2.28426;1.83963;0.28279;Amarela;555;;0;;REAPLICACAO_PPL;ENEM_2019_P2_CAD_05_DIA_2_AMARELO.pdf;Um gerente decidiu fazer um estudo financeiro da empresa onde trabalha analisando as receitas anuais dos três últimos anos. Tais receitas são apresentadas no quadro. Ano Receita (bilhão de reais) 2,2 $\frac{I}{II}$ 4,2 III 7,4 Estes dados serão utilizados para projetar a receita mínima esperada para o ano atual (ano IV), pois a receita esperada para o ano IV é obtida em função das variações das receitas anuais anteriores, utilizando a seguinte regra: a variação do ano IV para o ano III será igual à variação do ano III para o II adicionada à média aritmética entre essa variação e a variação do ano II para o I. O valor da receita mínima esperada, em bilhão de reais, será de;10,0.;12,0.;13,2.;16,8.;20,6.;0
2019;141;MT;111608;E;5;0;;2.47366;1.61606;0.04665;Amarela;516;;0;;REGULAR;ENEM_2019_P1_CAD_05_DIA_2_AMARELO.pdf;Uma pessoa, que perdeu um objeto pessoal quando visitou uma cidade, pretende divulgar nos meios de comunicação informações a respeito da perda desse objeto e de seu contato para eventual devolução. No entanto, ela lembra que, de acordo com o Art. 1 234 do Código Civil, poderá ter que pagar pelas despesas do transporte desse objeto até sua cidade e poderá ter que recompensar a pessoa que lhe restituir o objeto em, pelo menos, 5% do valor do objeto. Ela sabe que o custo com transporte será de um quinto do valor atual do objeto e, como ela tem muito interesse em reavê-lo, pretende ofertar o maior percentual possível de recompensa, desde que o gasto total com as despesas não ultrapasse o valor atual do objeto. Nessas condições, o percentual sobre o valor do objeto, dado como recompensa, que ela deverá ofertar é igual a;20%;25%;40%;60%;80%;0
2019;143;MT;30574;B;18;0;;1.84956;3.07376;0.15515;Amarela;555;;0;;REAPLICACAO_PPL;ENEM_2019_P2_CAD_05_DIA_2_AMARELO.pdf;Um pintor cobra R$ 240,00 por dia de trabalho, que equivale a 8 horas de trabalho num dia. Quando é chamado para um serviço, esse pintor trabalha 8 horas por dia com exceção, talvez, do seu último dia nesse serviço. Nesse último dia, caso trabalhe até 4 horas, ele cobra metade do valor de um dia de trabalho. Caso trabalhe mais de 4 horas, cobra o valor correspondente a um dia de trabalho. Esse pintor gasta 8 horas para pintar uma vez uma área de 40 m^{2}. Um cliente deseja pintar as paredes de sua casa, com uma área total de 260 m^{2}. Ele quer que essa área seja pintada o maior número possível de vezes para que a qualidade da pintura seja a melhor possível. O orçamento desse cliente para a pintura é de R$ 4 600,00. Quantas vezes, no máximo, as paredes da casa poderão ser pintadas com o orçamento do cliente?;1;2;3;5;6;0
2019;143;MT;83994;A;4;0;;1.78432;1.1667;0.0455;Amarela;516;;0;;REGULAR;ENEM_2019_P1_CAD_05_DIA_2_AMARELO.pdf;Um casal planejou uma viagem e definiu como teto para o gasto diário um valor de até R$ 1 000,00. Antes de decidir o destino da viagem, fizeram uma pesquisa sobre a taxa de câmbio vigente para as moedas de cinco países que desejavam visitar e também sobre as estimativas de gasto diário em cada um, com o objetivo de escolher o destino que apresentasse o menor custo diário em real. O quadro mostra os resultados obtidos com a pesquisa realizada. País de destino Moeda local Taxa de câmbio Gasto diário França Euro (€) R$ 3,14 315,00 € EUA Dólar (US$) R$ 2,78 US$ 390,00 Austrália Dólar australiano (A$) R$ 2,14 A$ 400,00 Canadá Dólar canadense (C$) R$ 2,10 C$ 410,00 Reino Unido Libra esterlina (£) R$ 4,24 £ 290,00 Nessas condições, qual será o destino escolhido para a viagem?;Austrália.;Canadá.;EUA.;França.;Reino Unido.;0
2019;145;MT;117612;B;17;0;;1.94459;2.78766;0.16241;Amarela;516;;0;;REGULAR;ENEM_2019_P1_CAD_05_DIA_2_AMARELO.pdf;Em um jogo on-line, cada jogador procura subir de nível e aumentar sua experiência, que são dois parâmetros importantes no jogo, dos quais dependem as forças de defesa e de ataque do participante. A força de defesa de cada jogador é diretamente proporcional ao seu nível e ao quadrado de sua experiência, enquanto sua força de ataque é diretamente proporcional à sua experiência e ao quadrado do seu nível. Nenhum jogador sabe o nível ou a experiência dos demais. Os jogadores iniciam o jogo no nível 1 com experiência 1 e possuem força de ataque 2 e de defesa 1. Nesse jogo, cada participante se movimenta em uma cidade em busca de tesouros para aumentar sua experiência. Quando dois deles se encontram, um deles pode desafiar o outro para um confronto, sendo o desafiante considerado o atacante. Compara-se então a força de ataque do desafiante com a força de defesa do desafiado e vence o confronto aquele cuja força for maior. O vencedor do desafio aumenta seu nível em uma unidade. Caso haja empate no confronto, ambos os jogadores aumentam seus níveis em uma unidade. Durante um jogo, o jogador $J_{1}$, de nível 4 e experiência 5, irá atacar o jogador $J_{2}$, de nível 2 e experiência 6. O jogador $J_{1}$ venceu esse confronto porque a diferença entre sua força de ataque e a força de defesa de seu oponente era;112.;88.;60.;28.;24.;0
2019;149;MT;66929;C;5;0;;1.97729;1.94701;0.0927;Amarela;555;;0;;REAPLICACAO_PPL;ENEM_2019_P2_CAD_05_DIA_2_AMARELO.pdf;Para a compra de um repelente eletrônico, uma pessoa fez uma pesquisa nos mercados de seu bairro. Cada tipo de repelente pesquisado traz escrito no rótulo da embalagem as informações quanto à duração, em dia, associada à quantidade de horas de utilização por dia. Essas informações e o preço por unidade foram representados no quadro. Tipo Duração Horas por dia Preço em dia de utilização em real $\frac{I}{II}\frac{30}{32} \frac{12,00}{9,00}$ III 10 $\frac{40}{44} \frac{10,00}{11,00}$ $\frac{IV}{V}$ 48 8 12,00 A pessoa comprará aquele que apresentar o menor custo diário, quando ligado durante 8 horas por dia. Nessas condições, o repelente eletrônico que essa pessoa comprará é do tipo;I.;II.;III.;IV.;V.;0
2019;152;MT;30436;C;12;0;;1.64692;0.47926;0.18811;Amarela;516;;0;;REGULAR;ENEM_2019_P1_CAD_05_DIA_2_AMARELO.pdf;O rótulo da embalagem de um cosmético informa que a dissolução de seu conteúdo, de acordo com suas especificações, rende 2,7 litros desse produto pronto para o uso. Uma pessoa será submetida a um tratamento estético em que deverá tomar um banho de imersão com esse produto numa banheira com capacidade de 0,3 m^{3}. Para evitar o transbordamento, essa banheira será preenchida em 80% de sua capacidade. Para esse banho, o número mínimo de embalagens desse cosmético é;9.;12.;89.;112.;134.i;0
2019;153;MT;17472;D;21;0;;2.19254;2.98935;0.08592;Amarela;555;;0;;REAPLICACAO_PPL;ENEM_2019_P2_CAD_05_DIA_2_AMARELO.pdf;Um jardineiro cultiva plantas ornamentais e as coloca à venda quando estas atingem 30 centímetros de altura. Esse jardineiro estudou o crescimento de suas plantas, em função do tempo, e deduziu uma fórmula que calcula a altura em função do tempo, a partir do momento em que a planta brota do solo até o momento em que ela atinge sua altura máxima de 40 centímetros. A fórmula é h = 5·log_{2} (t + 1), em que t é o tempo contado em dia e h, a altura da planta em centímetro. A partir do momento em que uma dessas plantas é colocada à venda, em quanto tempo, em dia, ela alcançará sua altura máxima?;63;96;128;192;255;0
2019;154;MT;84409;B;23;0;;1.77601;1.53793;0.14814;Amarela;516;;0;;REGULAR;ENEM_2019_P1_CAD_05_DIA_2_AMARELO.pdf;Uma pessoa se interessou em adquirir um produto anunciado em uma loja. Negociou com o gerente e conseguiu comprá-lo a uma taxa de juros compostos de 1% ao mês. O primeiro pagamento será um mês após a aquisição do produto, e no valor de R$ 202,00. O segundo pagamento será efetuado um mês após o primeiro, e terá o valor de R$ 204,02. Para concretizar a compra, o gerente emitirá uma nota fiscal com o valor do produto à vista negociado com o cliente, correspondendo ao financiamento aprovado. O valor à vista, em real, que deverá constar na nota fiscal é de;398,02.;400,00.;401,94.;404,00.;406,02.;0
2019;156;MT;117607;B;16;0;;2.28084;1.24447;0.12125;Amarela;516;;0;;REGULAR;ENEM_2019_P1_CAD_05_DIA_2_AMARELO.pdf;"Para contratar três máquinas que farão o reparo de vias rurais de um município, a prefeitura elaborou um edital que, entre outras cláusulas, previa: \bullet Cada empresa interessada só pode cadastrar uma única máquina para concorrer ao edital; \bullet O total de recursos destinados para contratar o conjunto das três máquinas é de R$ 31 000,00; \bullet O valor a ser pago a cada empresa será inversamente proporcional à idade de uso da máquina cadastrada pela empresa para o presente edital. As três empresas vencedoras do edital cadastraram máquinas com 2, 3 e 5 anos de idade de uso. Quanto receberá a empresa que cadastrou a máquina com maior idade de uso?";R$ 3 100,00;R$ 6 000,00;R$ 6 200,00;R$ 15 000,00;R$ 15 500,00;0
2019;158;MT;30935;C;8;0;;2.03838;1.99807;0.22046;Amarela;555;;0;;REAPLICACAO_PPL;ENEM_2019_P2_CAD_05_DIA_2_AMARELO.pdf;Muitos restaurantes servem refrigerantes em copos contendo limão e gelo. Suponha um copo de formato cilíndrico, com as seguintes medidas: diâmetro = 6 cm e altura = 15 cm. Nesse copo, há três cubos de gelo, cujas arestas medem 2 cm cada, e duas rodelas cilíndricas de limão, com 4 cm de diâmetro e 0,5 cm de espessura cada. Considere que, ao colocar o refrigerante no copo, os cubos de gelo e os limões ficarão totalmente imersos. (Use 3 como aproximação para \pi). O volume máximo de refrigerante, em centímetro cúbico, que cabe nesse copo contendo as rodelas de limão e os cubos de gelo com suas dimensões inalteradas, é igual a;107.;234.;369.;391.;405.;0
2019;158;MT;84374;C;21;0;;1.7206;2.05336;0.18597;Amarela;516;;0;;REGULAR;ENEM_2019_P1_CAD_05_DIA_2_AMARELO.pdf;Charles Richter e Beno Gutenberg desenvolveram a escala Richter, que mede a magnitude de um terremoto. Essa escala pode variar de 0 a 10, com possibilidades de valores maiores. O quadro mostra a escala de magnitude local ($M_{s}$) de um terremoto que é utilizada para descrevê-lo. Magnitude local ($M_{s}$) Descrição (µm \cdot Hz) Pequeno 0 \le $M_{s}$ \le 3,9 Ligeiro 4,0 \le $M_{s}$ \le 4,9 Moderado 5,0 \le $M_{s}$ \le 5,9 Grande 6,0 \le $M_{s}$ \le 9,9 Extremo $M_{s}$ \ge 10,0 Para se calcular a magnitude local, usa-se a fórmula $M_{s }$= 3,30 + \log(A\cdotf ), em que A representa a amplitude máxima da onda registrada por um sismógrafo em micrômetro (µm) e f representa a frequência da onda, em hertz (Hz). Ocorreu um terremoto com amplitude máxima de 2 000 µm e frequência de 0,2 Hz. Disponível em: http://cejarj.cecierj.edu.br. Acesso em: 1 fev. 2015 (adaptado). Utilize 0,3 como aproximação para \log 2. De acordo com os dados fornecidos, o terremoto ocorrido pode ser descrito como;Pequeno.;Ligeiro.;Moderado.;Grande.;Extremo.;0
2019;160;MT;39708;C;3;0;;2.45518;2.61221;0.15911;Amarela;516;;0;;REGULAR;ENEM_2019_P1_CAD_05_DIA_2_AMARELO.pdf;Durante suas férias, oito amigos, dos quais dois são canhotos, decidem realizar um torneio de vôlei de praia. Eles precisam formar quatro duplas para a realização do torneio. Nenhuma dupla pode ser formada por dois jogadores canhotos. De quantas maneiras diferentes podem ser formadas essas quatro duplas?;69;70;90;104;105;0
2019;162;MT;117845;C;11;0;;3.1849;1.31578;0.14485;Amarela;516;;0;;REGULAR;ENEM_2019_P1_CAD_05_DIA_2_AMARELO.pdf;Comum em lançamentos de empreendimentos imobiliários, as maquetes de condomínios funcionam como uma ótima ferramenta de marketing para as construtoras, pois, além de encantar clientes, auxiliam de maneira significativa os corretores na negociação e venda de imóveis. Um condomínio está sendo lançado em um novo bairro de uma cidade. Na maquete projetada pela construtora, em escala de 1 : 200, existe um reservatório de água com capacidade de 45 cm^{3}. Quando todas as famílias estiverem residindo no condomínio, a estimativa é que, por dia, sejam consumidos 30 000 litros de água. Em uma eventual falta de água, o reservatório cheio será suficiente para abastecer o condomínio por quantos dias?;30;15;12;6;3;0
2019;166;MT;13303;B;27;0;;3.1073;1.87878;0.18717;Amarela;516;;0;;REGULAR;ENEM_2019_P1_CAD_05_DIA_2_AMARELO.pdf;Em uma fábrica de refrigerantes, é necessário que se faça periodicamente o controle no processo de engarrafamento para evitar que sejam envasadas garrafas fora da especificação do volume escrito no rótulo. Diariamente, durante 60 dias, foram anotadas as quantidades de garrafas fora dessas especificações. O resultado está apresentado no quadro. Quantidade de garrafas fora das Quantidade especificações por dia de dias 0 52 1 5 2 2 3 1 A média diária de garrafas fora das especificações no período considerado é;0,1.;0,2.;1,5.;2,0.;3,0.;0
2019;166;MT;81332;E;9;0;;2.66849;2.34035;0.0811;Amarela;555;;0;;REAPLICACAO_PPL;ENEM_2019_P2_CAD_05_DIA_2_AMARELO.pdf;Uma empresa de transporte disponibiliza, para embalagem de encomendas, caixas de papelão no formato de paralelepípedo retoretângulo, conforme dimensões no quadro. Modelo da caixa Comprimento (cm) Largura (cm) Altura (cm) 1 12 13 $\frac{12}{20}$ 2 23 25 3 25 25 $\frac{25}{25}$ 4 26 24 5 23 26 26 Para embalar uma encomenda, contendo um objeto esférico com 11 cm de raio, essa empresa adota como critério a utilização da caixa, dentre os modelos disponíveis, que comporte, quando fechada e sem deformá-la, a encomenda e que possua a menor área de superfície total. Desconsidere a espessura da caixa. Nessas condições, qual dos modelos apresentados deverá ser o escolhido pela empresa?;1;2;3;4;5;0
2019;168;MT;18002;C;4;0;;3.41848;1.95818;0.16938;Amarela;516;;0;;REGULAR;ENEM_2019_P1_CAD_05_DIA_2_AMARELO.pdf;O Índice de Desenvolvimento Humano (IDH) é uma medida usada para classificar os países pelo seu grau de desenvolvimento. Para seu cálculo, são levados em consideração a expectativa de vida ao nascer, tempo de escolaridade e renda per capita, entre outros. O menor valor deste índice é zero e o maior é um. Cinco países foram avaliados e obtiveram os seguintes índices de desenvolvimento humano: o primeiro país recebeu um valor X , o segundo $\sqrt{X}$ , o terceiro X^{3}, o quarto X^{2} e o último X^{3}. Nenhum desses países zerou ou atingiu o índice máximo. Qual desses países obteve o maior IDH?;O primeiro.;O segundo.;O terceiro.;O quarto.;O quinto.;0
2019;173;MT;8401;D;19;0;;2.25899;1.51757;0.09598;Amarela;516;;0;;REGULAR;ENEM_2019_P1_CAD_05_DIA_2_AMARELO.pdf;Uma empresa tem diversos funcionários. Um deles é o gerente, que recebe R$ 1 000,00 por semana. Os outros funcionários são diaristas. Cada um deles trabalha 2 dias por semana, recebendo R$ 80,00 por dia trabalhado. Chamando de X a quantidade total de funcionários da empresa, a quantia Y, em reais, que esta empresa gasta semanalmente para pagar seus funcionários é expressa por;Y = 80X + 920.;Y = 80X + 1 000.;Y = 80X + 1 080.;Y = 160X + 840.;Y = 160X + 1 000.;0
2019;176;MT;81787;B;14;0;;2.07003;1.2549;0.24397;Amarela;555;;0;;REAPLICACAO_PPL;ENEM_2019_P2_CAD_05_DIA_2_AMARELO.pdf;Para decorar sua casa, uma pessoa comprou um vaso de vidro em forma de um paralelepípedo retangular, cujas medidas internas são: 40 cm de comprimento, 35 cm de largura e 60 cm de altura. Em seguida, foi até uma floricultura e escolheu uma planta aquática para colocar nesse vaso. Segundo uma proposta do gerente do local, essa pessoa avaliou a possibilidade de enfeitar o vaso colocando uma certa quantidade de pedrinhas artificiais brancas, de volume igual a 100 cm^{3} cada uma delas, que ficarão totalmente imersas na água que será colocada no vaso. O gerente alertou que seria adequado, em função da planta escolhida, que metade do volume do vaso fosse preenchido com água e que, após as pedrinhas colocadas, a altura da água deveria ficar a 10 cm do topo do vaso, dando um razoável espaço para o crescimento da planta. A pessoa aceitou as sugestões apresentadas, adquirindo, além da planta, uma quantidade mínima de pedrinhas, satisfazendo as indicações do gerente. Nas condições apresentadas, a quantidade de pedrinhas compradas foi;140.;280.;350.;420.;700.;0
2019;176;MT;89634;E;28;0;;2.5937;1.91179;0.07742;Amarela;516;;0;;REGULAR;ENEM_2019_P1_CAD_05_DIA_2_AMARELO.pdf;Em um determinado ano, os computadores da receita federal de um país identificaram como inconsistentes 20% das declarações de imposto de renda que lhe foram encaminhadas. Uma declaração é classificada como inconsistente quando apresenta algum tipo de erro ou conflito nas informações prestadas. Essas declarações consideradas inconsistentes foram analisadas pelos auditores, que constataram que 25% delas eram fraudulentas. Constatou-se ainda que, dentre as declarações que não apresentaram inconsistências, 6,25% eram fraudulentas. Qual é a probabilidade de, nesse ano, a declaração de um contribuinte ser considerada inconsistente, dado que ela era fraudulenta?;0,05;0,1;0,1125;0,3125;0,5;0
2019;179;MT;84906;C;30;0;;2.83889;1.93199;0.25173;Amarela;555;;0;;REAPLICACAO_PPL;ENEM_2019_P2_CAD_05_DIA_2_AMARELO.pdf;Um país decide investir recursos na educação em suas cidades que tenham um alto nível de analfabetismo. Os recursos serão divididos de acordo com a idade média da população que é analfabeta, conforme apresentado no quadro. Idade média da população Recurso analfabeta (M) I M < 22 II 22 < M < 27 III 27 < M < 32 IV 32 < M < 37 V M > 37 Uma cidade desse país possui $\frac{60}{100}$ do total de analfabetos de sua população composto por mulheres. A média de idade das mulheres analfabetas é de 30 anos, e a média de idade dos homens analfabetos é de 35 anos. Considerando a média de idade da população analfabeta dessa cidade, ela receberá o recurso;I.;II.;III.;IV.;V.;0
2019;179;MT;117767;D;18;0;;0.1828;12.4166;0.11617;Amarela;516;;0;;REGULAR;ENEM_2019_P1_CAD_05_DIA_2_AMARELO.pdf;"Para construir uma piscina, cuja área total da superfície interna é igual a 40 m^{2}, uma construtora apresentou o seguinte orçamento: \bullet R$ 10 000,00 pela elaboração do projeto; \bullet R$ 40 000,00 pelos custos fixos; \bullet R$ 2 500,00 por metro quadrado para construção da área interna da piscina. Após a apresentação do orçamento, essa empresa decidiu reduzir o valor de elaboração do projeto em 50%, mas recalculou o valor do metro quadrado para a construção da área interna da piscina, concluindo haver a necessidade de aumentá-lo em 25%. Além disso, a construtora pretende dar um desconto nos custos fixos, de maneira que o novo valor do orçamento seja reduzido em 10% em relação ao total inicial. O percentual de desconto que a construtora deverá conceder nos custos fixos é de";23,3%;25,0%;50,0%;87,5%;100,0%;0
2020;144;MT;10660;C;18;0;;1.75839;2.40752;0.16633;AMARELA;588;;0;;REGULAR;ENEM_2020_P1_CAD_05_DIA_2_AMARELO.pdf;Um motociclista planeja realizar uma viagem cujo destino fica a 500 km de sua casa. Sua moto consome 5 litros de gasolina para cada 100 km rodados, e o tanque da moto tem capacidade para 22 litros. Pelo mapa, observou que no trajeto da viagem o último posto disponível para reabastecimento, chamado Estrela, fica a 80 km do seu destino. Ele pretende partir com o tanque da moto cheio e planeja fazer somente duas paradas para reabastecimento, uma na ida e outra na volta, ambas no posto Estrela. No reabastecimento para a viagem de ida, deve considerar também combustível suficiente para se deslocar por 200 km no seu destino. A quantidade mínima de combustível, em litro, que esse motociclista deve reabastecer no posto Estrela na viagem de ida, que seja suficiente para fazer o segundo reabastecimento, é;13.;14.;17.;18.;21.;0
2020;142;MT;25306;C;16;0;;0.9934;1.92553;0.15977;AMARELA;668;;0;;REAPLICACAO_PPL;ENEM_2020_P2_CAD_05_DIA_2_AMARELO.pdf;Após o término das inscrições de um concurso, cujo número de vagas é fixo, foi divulgado que a razão entre o número de candidatos e o número de vagas, nesta ordem, era igual a 300. Entretanto, as inscrições foram prorrogadas, inscrevendo-se mais 4 000 candidatos, fazendo com que a razão anteriormente referida passasse a ser igual a 400. Todos os candidatos inscritos fizeram a prova, e o total de candidatos aprovados foi igual à quantidade de vagas. Os demais candidatos foram reprovados. Nessas condições, quantos foram os candidatos reprovados?;11 960;11 970;15 960;15 970;19 960;0
2020;153;MT;29531;A;3;0;;1.73821;2.6803;0.13986;AMARELA;588;;0;;REGULAR;ENEM_2020_P1_CAD_05_DIA_2_AMARELO.pdf;Um hotel de 3 andares está sendo construído. Cada andar terá 100 quartos. Os quartos serão numerados de 100 a 399 e cada um terá seu número afixado à porta. Cada número será composto por peças individuais, cada uma simbolizando um único algarismo. Qual a quantidade mínima de peças, simbolizando o algarismo 2, necessárias para identificar o número de todos os quartos?;160;157;130;120;60;0
2020;154;MT;32245;E;16;0;;2.72699;0.65391;0.12036;AMARELA;668;;0;;REAPLICACAO_PPL;ENEM_2020_P2_CAD_05_DIA_2_AMARELO.pdf;Um banho propicia ao indivíduo um momento de conforto e reenergização. Porém, o desperdício de água gera prejuízo para todos. Considere que cada uma das cinco pessoas de uma família toma dois banhos por dia, de 15 minutos cada. Sabe-se que a cada hora de banho são gastos aproximadamente 540 litros de água. Considerando que um mês tem 30 dias, podemos perceber que o consumo de água é bem significativo. A quantidade total de litros de água consumida, nos banhos dessa família, durante um mês, é mais próxima de;1 350.;2 700.;20 250.;20 520.;40 500.;0
2020;165;MT;37286;B;12;0;;3.25442;1.5772;0.1355;AMARELA;588;;0;;REGULAR;ENEM_2020_P1_CAD_05_DIA_2_AMARELO.pdf;Uma torneira está gotejando água em um balde com capacidade de 18 litros. No instante atual, o balde se encontra com ocupação de 50% de sua capacidade. A cada segundo caem 5 gotas de água da torneira, e uma gota é formada, em média, por 5 \times 10^{−2 }mL de água. Quanto tempo, em hora, será necessário para encher completamente o balde, partindo do instante atual?;$2 \times 10^{1}$;$1 \times 10^{1 }$;$2 \times 10^{−2 }$;$1 \times 10^{−2 }$;$1 \times 10^{−3}$;0
2020;146;MT;49782;C;17;0;;1.08432;0.84339;0.01494;AMARELA;588;;0;;REGULAR;ENEM_2020_P1_CAD_05_DIA_2_AMARELO.pdf;"Para chegar à universidade, um estudante utiliza um metrô e, depois, tem duas opções: \bullet seguir num ônibus, percorrendo 2,0 km; \bullet alugar uma bicicleta, ao lado da estação do metrô, seguindo 3,0 km pela ciclovia. O quadro fornece as velocidades médias do ônibus e da bicicleta, em km/h, no trajeto metrô−universidade. Velocidade média Dia da semana Ônibus (km/h) Bicicleta (km/h) Segunda-feira 9 15 Terça-feira 20 22 Quarta-feira 15 24 Quinta-feira 12 15 Sexta-feira 10 18 Sábado 30 16 A fim de poupar tempo no deslocamento para a universidade, em quais dias o aluno deve seguir pela ciclovia?";Às segundas, quintas e sextas-feiras.;Às terças e quintas-feiras e aos sábados.;Às segundas, quartas e sextas-feiras.;Às terças, quartas e sextas-feiras.;Às terças e quartas-feiras e aos sábados.;0
2020;158;MT;77429;E;25;0;;1.15609;2414;0.14555;AMARELA;668;;0;;REAPLICACAO_PPL;ENEM_2020_P2_CAD_05_DIA_2_AMARELO.pdf;Querendo reduzir custos na limpeza da área de estacionamento de um prédio, o síndico resolveu comprar uma lavadora de alta pressão. Sabe-se que, na utilização desse equipamento, o consumo de água é menor, entretanto, existe o gasto com energia elétrica. O síndico coletou os dados de cinco modelos de lavadora com mesmo preço, e cujos consumos de água e de energia são os fornecidos no quadro. Consumo de Modelo de Gasto médio de energia em uma lavadora água (litro/hora) hora (kWh) 350 1,3 $\frac{I}{II}$ 264 2,0 III 320 1,5 300 1,7 $\frac{IV}{V}$ 276 1,8 As tarifas de água e de energia elétrica são, respectivamente, R$ 0,0025 por litro de água e R$ 0,30 por quilowatt-hora. O modelo de lavadora que o síndico deve adquirir para gastar menos com a limpeza do estacionamento é;I.;II.;III.;IV.;V.;0
2020;146;MT;83740;C;2;0;;1.53109;3.05909;0.26536;AMARELA;668;;0;;REAPLICACAO_PPL;ENEM_2020_P2_CAD_05_DIA_2_AMARELO.pdf;O governador de um estado propõe a ampliação de investimentos em segurança no transporte realizado por meio de trens. Um estudo para um projeto de lei prevê que se tenha a presença de três agentes mulheres, distribuídas entre os 6 vagões de uma composição, de forma que duas dessas agentes não estejam em vagões adjacentes, garantindo assim maior segurança aos usuários. Disponível em: www.sisgraph.com.br. Acesso em: 29 jan. 2015 (adaptado). A expressão que representa a quantidade de maneiras distintas das três agentes serem distribuídas nos vagões é;$C^{3} 3!$;$C_{6}$;$C^{3} \times 3!$;$A_{6}$;$A^{3} \times 3!$;0
2020;160;MT;85053;A;29;0;;0.93375;1.1092;0.07392;AMARELA;588;;0;;REGULAR;ENEM_2020_P1_CAD_05_DIA_2_AMARELO.pdf;"Suponha que uma equipe de corrida de automóveis disponha de cinco tipos de pneu (I, II, III, IV, V), em que o fator de eficiência climática EC (índice que fornece o comportamento do pneu em uso, dependendo do clima) é apresentado: \bullet EC do pneu I: com chuva 6, sem chuva 3; \bullet EC do pneu II: com chuva 7, sem chuva −4; \bullet EC do pneu III: com chuva −2, sem chuva 10; \bullet EC do pneu IV: com chuva 2, sem chuva 8; \bullet EC do pneu V: com chuva −6, sem chuva 7. O coeficiente de rendimento climático (CRC) de um pneu é calculado como a soma dos produtos dos fatores de EC, com ou sem chuva, pelas correspondentes probabilidades de se ter tais condições climáticas: ele é utilizado para determinar qual pneu deve ser selecionado para uma dada corrida, escolhendo-se o pneu que apresentar o maior CRC naquele dia. No dia de certa corrida, a probabilidade de chover era de 70% e o chefe da equipe calculou o CRC de cada um dos cinco tipos de pneu. O pneu escolhido foi";I.;II.;III.;IV.;V.;0
2020;156;MT;97008;A;13;0;;1.2573;1.17115;0.13868;AMARELA;668;;0;;REAPLICACAO_PPL;ENEM_2020_P2_CAD_05_DIA_2_AMARELO.pdf;Um fazendeiro precisava de 1 L de certo produto fabricado por três indústrias distintas. \bullet A indústria I comercializa o produto em embalagens de 250 mL por R$ 23,00 cada. \bullet A indústria II comercializa o produto em embalagens de 8 fl oz (onça fluida) por R$ 18,50 cada. \bullet A indústria III comercializa o produto em embalagens de 1 L por R$ 93,00 cada. O fazendeiro conseguiu adquirir a quantidade necessária do produto de que precisava, de uma única indústria, gastando o menor valor possível nessa compra. Considere que 1 L seja equivalente a 33,81 fl oz. Nessas condições, a quantidade de embalagens e a respectiva indústria onde a compra foi realizada foram;quatro da indústria I.;cinco da indústria I.;quatro da indústria II.;cinco da indústria II.;uma da indústria III.;0
2020;137;MT;111733;E;9;0;;1.8602;2.56084;0.10774;AMARELA;668;;0;;REAPLICACAO_PPL;ENEM_2020_P2_CAD_05_DIA_2_AMARELO.pdf;"Pretende-se comprar uma mesa capaz de acomodar 6 pessoas, de modo que, assentadas em torno da mesa, cada pessoa disponha de, pelo menos, 60 cm de espaço livre na borda do tampo da mesa, que deverá ter a menor área possível. Na loja visitada há mesas com tampos nas formas e dimensões especificadas: \bullet Mesa I: hexágono regular, com lados medindo 60 cm; \bullet Mesa II: retângulo, com lados medindo 130 cm e 60 cm; \bullet Mesa III: retângulo, com lados medindo 120 cm e 60 cm; \bullet Mesa IV: quadrado, com lados medindo 60 cm; \bullet Mesa V: triângulo equilátero, com lados medindo 120 cm. A mesa que atende aos critérios especificados é a";I.;II.;III.;IV.;V.;0
2021;151;MT;117832;D;12;0;;2.72456;2.09992;0.08091;AMARELA;900;;;;REGULAR;ENEM_2021_P1_CAD_05_DIA_2_AMARELO.pdf;Um automóvel apresenta um desempenho médio de 16 km/L. Um engenheiro desenvolveu um novo motor a combustão que economiza, em relação ao consumo do motor anterior, 0,1 L de combustível a cada 20 km percorridos. O valor do desempenho médio do automóvel com o novo motor, em quilômetro por litro, expresso com uma casa decimal, é;15,9.;16,1.;16,4.;17,4.;18,0.;0
2021;157;MT;59786;B;16;0;;2.1684;2.3852;0.14308;AMARELA;900;;;;REGULAR;ENEM_2021_P1_CAD_05_DIA_2_AMARELO.pdf;Para realizar um voo entre duas cidades que distam 2 000 km uma da outra, uma companhia aérea utilizava um modelo de aeronave A, capaz de transportar até 200 passageiros. Quando uma dessas aeronaves está lotada de passageiros, o consumo de combustível \pi de 0,02 litro por quilômetro e por passageiro. Essa companhia resolveu trocar o modelo de aeronave A pelo modelo de aeronave B, que é capaz de transportar 10% de passageiros a mais do que o modelo A, mas consumindo 10% menos combustível por quilômetro e por passageiro. A quantidade de combustível consumida pelo modelo de aeronave B, em relação à do modelo de aeronave A, em um voo lotado entre as duas cidades, é;10% menor.;1% menor.;igual.;1% maior.;11% maior.;0
2021;177;MT;117731;B;30;0;;3.77336;2.88467;0.17343;AMARELA;900;;;;REGULAR;ENEM_2021_P1_CAD_05_DIA_2_AMARELO.pdf;O organizador de uma competição de lançamento de dardos pretende tornar o campeonato mais competitivo. Pelas regras atuais da competição, numa rodada, o jogador lança 3 dardos e pontua caso acerte pelo menos um deles no alvo. O organizador considera que, em média, os jogadores têm, em cada lançamento, $\frac{1}{2}$ de probabilidade de acertar um dardo no alvo. A fim de tornar o jogo mais atrativo, planeja modificar as regras de modo que a probabilidade de um jogador pontuar em uma rodada seja igual ou superior a $\frac{9}{10}$. Para isso, decide aumentar a quantidade de dardos a serem lançados em cada rodada. Com base nos valores considerados pelo organizador da competição, a quantidade mínima de dardos que devem ser disponibilizados em uma rodada para tornar o jogo mais atrativo é;2.;4.;6.;9.;10.;0
2021;155;MT;22976;B;16;0;;1.65782;1.42176;0.13452;AMARELA;980;;;;REAPLICACAO_PPL;ENEM_2021_P2_CAD_05_DIA_2_AMARELO.pdf;Uma operadora de telefonia oferece cinco planos de serviços. Em cada plano, para cada mês, o cliente paga um valor V que lhe dá direito a telefonar por M minutos para clientes da mesma operadora. Quando a duração total das chamadas para clientes da mesma operadora excede M minutos, é cobrada uma tarifa T1 por cada minuto excedente nesse tipo de chamada. Além disso, é cobrado um valor T2, por minuto, nas chamadas para clientes de outras operadoras, independentemente do fato de os M minutos terem ou não sido usados. A tabela apresenta o valor de V, M, T1 e T2 para cada um dos cinco planos. V M T1 T2 Plano R$ 25,00 20 min R$ 1,50/min R$ 2,00/min A Plano R$ 60,00 65 min R$ 1,00/min R$ 1,20/min B Plano R$ 60,00 75 min R$ 1,00/min R$ 1,50/min C Plano R$ 120,00 160 min R$ 0,80/min R$ 0,90/min D Plano R$ 120,00 180 min R$ 0,80/min R$ 1,20/min E Se um cliente dessa operadora planeja telefonar durante 75 minutos para amigos da mesma operadora e 50 minutos para amigos de outras operadoras, o plano que ele deverá escolher, a fim de pagar menos, \pi o;Plano A.;Plano B.;Plano C.;Plano D.;Plano E.;0
2021;159;MT;15443;B;19;0;;2898;1992;97;AMARELA;980;;;;REAPLICACAO_PPL;ENEM_2021_P2_CAD_05_DIA_2_AMARELO.pdf;Um diretor esportivo organiza um campeonato no qual haverá disputa de times em turno e returno, isto é, cada time jogará duas vezes com todos os outros, totalizando 380 partidas a serem disputadas. A quantidade de times (x) que faz parte desse campeonato pode ser calculada pela equação;$x = 380 - x^{2}$;$x^{2} - x = 380$;$x^{2} = 380$;2x - x = 380;2x = 380;0
2021;163;MT;12864;D;21;0;;3.36696;2.4306;0.15534;AMARELA;980;;;;REAPLICACAO_PPL;ENEM_2021_P2_CAD_05_DIA_2_AMARELO.pdf;"A massa de um tanque de combustível depende: I. da quantidade de combustível nesse tanque; II. do tipo de combustível que se utiliza no momento; III. da massa do tanque quando está vazio. Sabe-se que um tanque tem massa igual a 33 kg quando está cheio de gasolina, 37 kg quando está cheio de etanol e que a densidade da gasolina é sete oitavos da densidade do etanol. Qual é a massa, em quilograma, do tanque vazio?";1;3,5;4;5;9;0
2021;171;MT;117753;C;26;0;;1.25152;2.07492;0.15887;AMARELA;980;;;;REAPLICACAO_PPL;ENEM_2021_P2_CAD_05_DIA_2_AMARELO.pdf;Um nutricionista preparou cinco opções de dieta para seus clientes. A quantidade de calorias, em quilocaloria, de cada dieta \pi apresentada no quadro, em função de três componentes básicos: proteínas, carboidratos e suplementos. Proteínas Carboidratos Suplementos Dieta (kcal) (kcal) (kcal) $\frac{I}{II}\frac{66}{57}\frac{42}{42}\frac{87}{105}$ III $\frac{63}{66}\frac{39}{48}\frac{96}{84}$ $\frac{IV}{V}$ 69 36 93 Como um de seus clientes apresentou muita redução de massa corporal, o nutricionista recomendou que ele escolhesse uma das cinco dietas do quadro e quadruplicasse a quantidade de proteínas, triplicasse a quantidade de carboidratos e duplicasse a quantidade de suplementos recomendadas pela dieta escolhida. O cliente seguirá a recomendação do nutricionista, mas deseja escolher a dieta na qual ele consumirá a menor quantidade de calorias dentre as opções disponíveis. O cliente deverá escolher a dieta;I.;II.;III.;IV.;V.;0
2021;180;MT;47348;E;18;0;;2.8951;1.31087;0.2017;AMARELA;980;;;;REAPLICACAO_PPL;ENEM_2021_P2_CAD_05_DIA_2_AMARELO.pdf;Uma loja que vende tintas tem uma máquina que efetua misturas de variadas cores para obter diferentes tonalidades. Um cliente havia comprado 7 litros de tinta de uma tonalidade, proveniente da mistura das cores verde e branco, na proporção de 5 para 2, respectivamente. Tendo sido insuficiente a quantidade de tinta comprada, o cliente retorna à loja para comprar mais 3,5 litros da mesma mistura de tintas, com a mesma tonalidade que havia comprado anteriormente. A quantidade de tinta verde, em litro, que o funcionário dessa loja deverá empregar na mistura com a tinta branca para conseguir a mesma tonalidade obtida na primeira compra é;1,4.;1,5.;1,7.;2,3.;2,5.;0
2022;136;MT;32369;D;30;0;;3.12341;2.40384;0.16659;AMARELA;1076;;0;;REGULAR;ENEM_2022_P1_CAD_05_DIA_2_AMARELO.pdf;Em uma universidade, atuam professores que estão enquadrados funcionalmente pela sua maior titulação: mestre ou doutor. Nela há, atualmente, 60 mestres e 40 doutores. Os salários mensais dos professores mestres e dos doutores são, respectivamente, R$ 8 000,00 e R$ 12 000,00. A diretoria da instituição pretende proporcionar um aumento salarial diferenciado para o ano seguinte, de tal forma que o salário médio mensal dos professores dessa instituição não ultrapasse R$ 12 240,00. A universidade já estabeleceu que o aumento salarial será de 25% para os mestres e precisa ainda definir o percentual de reajuste para os doutores. Mantido o número atual de professores com suas atuais titulações, o aumento salarial, em porcentagem, a ser concedido aos doutores deverá ser de, no máximo,;14,4.;20,7.;22,0.;30,0.;37,5.;0
2022;176;MT;53461;C;23;0;;2.67778;2.3731;0.20523;AMARELA;1076;;0;;REGULAR;ENEM_2022_P1_CAD_05_DIA_2_AMARELO.pdf;"Ao analisar os dados de uma epidemia em uma cidade, peritos obtiveram um modelo que avalia a quantidade de pessoas infectadas a cada mês, ao longo de um ano. O modelo é dado por p(t) = −t ^{2} + 10t + 24, sendo t um número natural, variando de 1 a 12, que representa os meses do ano, e p(t) a quantidade de pessoas infectadas no mês t do ano. Para tentar diminuir o número de infectados no próximo ano, a Secretaria Municipal de Saúde decidiu intensificar a propaganda oficial sobre os cuidados com a epidemia. Foram apresentadas cinco propostas (I, II, III, IV e V), com diferentes períodos de intensificação das propagandas: \bullet I: 1 \le t \le 2; \bullet II: 3 \le t \le 4; \bullet III: 5 \le t \le 6; \bullet IV: 7 \le t \le 9; \bullet V: 10 \le t \le 12. A sugestão dos peritos é que seja escolhida a proposta cujo período de intensificação da propaganda englobe o mês em que, segundo o modelo, há a maior quantidade de infectados. A sugestão foi aceita. A proposta escolhida foi a";I.;II.;III.;IV.;V.;0
2022;173;MT;111738;B;27;0;;2.64614;2.2135;0.24887;AMARELA;1076;;0;;REGULAR;ENEM_2022_P1_CAD_05_DIA_2_AMARELO.pdf;Uma das informações que pode auxiliar no dimensionamento do número de pediatras que devem atender em uma Unidade Básica de Saúde (UBS) é o número que representa a mediana da quantidade de crianças por família existente na região sob sua responsabilidade. O quadro mostra a distribuição das frequências do número de crianças por família na região de responsabilidade de uma UBS. Número de crianças Frequência por família 0 100 1 400 2 200 3 150 4 100 5 50 O número que representa a mediana da quantidade de crianças por família nessa região é;1,0.;1,5.;1,9.;2,1.;2,5.;0
2022;172;MT;61248;D;15;0;;2.61757;2.2515;0.1851;AMARELA;1076;;0;;REGULAR;ENEM_2022_P1_CAD_05_DIA_2_AMARELO.pdf;A luminosidade L de uma estrela está relacionada com o raio R e com a temperatura T dessa estrela segundo a Lei de Stefan-Boltzmann: L = c \cdot R ^{2 }\cdotT ^{4}, em que c é uma constante igual para todas as estrelas. Disponível em: http://ciencia.hsw.uol.com.br. Acesso em: 22 nov. 2013 (adaptado). Considere duas estrelas E e F, sendo que a estrela E tem metade do raio da estrela F e o dobro da temperatura de F. Indique por L e L suas respectivas luminosidades. E F A relação entre as luminosidades dessas duas estrelas é dada por;$L_{E} =\frac{L_{F}}{2}$;$L_{E} =\frac{L_{F}}{4}$;L = L E F;L = 4L;F E L = 8L E F;0
2022;170;MT;30053;C;17;0;;1.73381;2.02109;0.14967;AMARELA;1076;;0;;REGULAR;ENEM_2022_P1_CAD_05_DIA_2_AMARELO.pdf;Um médico faz o acompanhamento clínico de um grupo de pessoas que realizam atividades físicas diariamente. Ele observou que a perda média de massa dessas pessoas para cada hora de atividade física era de 1,5 kg. Sabendo que a massa de 1 L de água é de 1 kg, ele recomendou que ingerissem, ao longo das 3 horas seguintes ao final da atividade, uma quantidade total de água correspondente a 40% a mais do que a massa perdida na atividade física, para evitar desidratação. Seguindo a recomendação médica, uma dessas pessoas ingeriu, certo dia, um total de 1,7 L de água após terminar seus exercícios físicos. Para que a recomendação médica tenha efetivamente sido respeitada, a atividade física dessa pessoa, nesse dia, durou;30 minutos ou menos.;mais de 35 e menos de 45 minutos.;mais de 45 e menos de 55 minutos.;mais de 60 e menos de 70 minutos.;70 minutos ou mais.;0
2022;169;MT;14797;D;8;0;;2.93886;2.57768;0.12028;AMARELA;1076;;0;;REGULAR;ENEM_2022_P1_CAD_05_DIA_2_AMARELO.pdf;Peças metálicas de aeronaves abandonadas em aeroportos serão recicladas. Uma dessas peças é maciça e tem o formato cilíndrico, com a medida do raio da base igual a 4 cm e a da altura igual a 50 cm. Ela será derretida, e o volume de metal resultante será utilizado para a fabricação de esferas maciças com diâmetro de 1 cm, a serem usadas para confeccionar rolamentos. Para estimar a quantidade de esferas que poderão ser produzidas a partir de cada uma das peças cilíndricas, admite-se que não ocorre perda de material durante o processo de derretimento. Quantas dessas esferas poderão ser obtidas a partir de cada peça cilíndrica?;800;1 200;2 400;4 800;6 400;0
2022;168;MT;30327;D;25;0;;2.81078;0.63977;0.16335;AMARELA;1076;;0;;REGULAR;ENEM_2022_P1_CAD_05_DIA_2_AMARELO.pdf;Uma instituição de ensino superior ofereceu vagas em um processo seletivo de acesso a seus cursos. Finalizadas as inscrições, foi divulgada a relação do número de candidatos por vaga em cada um dos cursos oferecidos. Esses dados são apresentados no quadro. Número Número Curso de vagas de candidatos oferecidas por vaga Administração 30 6 Ciências Contábeis 40 6 Engenharia Elétrica 50 7 História 30 8 Letras 25 4 Pedagogia 25 5 Qual foi o número total de candidatos inscritos nesse processo seletivo?;200;400;1 200;1 235;7 200;0
2022;167;MT;117742;B;13;0;;0.65574;2.58862;0.1651;AMARELA;1076;;0;;REGULAR;ENEM_2022_P1_CAD_05_DIA_2_AMARELO.pdf;"Um casal planeja construir em sua chácara uma piscina com o formato de um paralelepípedo reto retângulo com capacidade para 90 000 L de água. O casal contratou uma empresa de construções que apresentou cinco projetos com diferentes combinações nas dimensões internas de profundidade, largura e comprimento. A piscina a ser construída terá revestimento interno em suas paredes e fundo com uma mesma cerâmica, e o casal irá escolher o projeto que exija a menor área de revestimento. As dimensões internas de profundidade, largura e comprimento, respectivamente, para cada um dos projetos, são: \bullet projeto I: 1,8 m, 2,0 m e 25,0 m; \bullet projeto II: 2,0 m, 5,0 m e 9,0 m; \bullet projeto III: 1,0 m, 6,0 m e 15,0 m; \bullet projeto IV: 1,5 m, 15,0 m e 4,0 m; \bullet projeto V: 2,5 m, 3,0 m e 12,0 m. O projeto que o casal deverá escolher será o";I.;II.;III.;IV.;V.;0
2022;166;MT;96315;A;29;0;;1.69166;0.87454;0.20606;AMARELA;1076;;0;;REGULAR;ENEM_2022_P1_CAD_05_DIA_2_AMARELO.pdf;Nos cinco jogos finais da última temporada, com uma média de 18 pontos por jogo, um jogador foi eleito o melhor do campeonato de basquete. Na atual temporada, cinco jogadores têm a chance de igualar ou melhorar essa média. No quadro estão registradas as pontuações desses cinco jogadores nos quatro primeiros jogos das finais deste ano. Jogadores Jogo 1 Jogo 2 Jogo 3 Jogo 4 $\frac{I}{II}\frac{12}{12}\frac{25}{12}\frac{20}{27}\frac{20}{20}$ III $\frac{14}{15}\frac{14}{18}\frac{17}{21}\frac{26}{21}$ $\frac{IV}{V}$ 22 15 23 15 O quinto e último jogo será realizado para decidir a equipe campeã e qual o melhor jogador da temporada. O jogador que precisa fazer a menor quantidade de pontos no quinto jogo, para igualar a média de pontos do melhor jogador da temporada passada, é o;I.;II.;III.;IV.;V.;0
2022;161;MT;10500;B;3;0;;1.57712;3.30111;0.16855;AMARELA;1076;;0;;REGULAR;ENEM_2022_P1_CAD_05_DIA_2_AMARELO.pdf;Foram convidadas 32 equipes para um torneio de futebol, que foram divididas em 8 grupos com 4 equipes, sendo que, dentro de um grupo, cada equipe disputa uma única partida contra cada uma das demais equipes de seu grupo. A primeira e a segunda colocadas de cada grupo seguem para realizar as 8 partidas da próxima fase do torneio, chamada oitavas de final. Os vencedores das partidas das oitavas de final seguem para jogar as 4 partidas das quartas de final. Os vencedores das quartas de final disputam as 2 partidas das semifinais, e os vencedores avançam para a grande final, que define a campeã do torneio. Pelas regras do torneio, cada equipe deve ter um período de descanso de, no mínimo, 3 dias entre dois jogos por ela disputados, ou seja, se um time disputar uma partida, por exemplo, num domingo, só poderá disputar a partida seguinte a partir da quinta-feira da mesma semana. O número mínimo de dias necessários para a realização desse torneio é;22.;25.;28.;48.;64.i;0
2022;160;MT;117973;A;11;0;;1.87291;2.86025;0.18347;AMARELA;1076;;0;;REGULAR;ENEM_2022_P1_CAD_05_DIA_2_AMARELO.pdf;Um casal está reformando a cozinha de casa e decidiu comprar um refrigerador novo. Observando a planta da nova cozinha, desenhada na escala de 1 : 50, notaram que o espaço destinado ao refrigerador tinha 3,8 cm de altura e 1,6 cm de largura. Eles sabem que os fabricantes de refrigeradores indicam que, para um bom funcionamento e fácil manejo na limpeza, esses eletrodomésticos devem ser colocados em espaços que permitam uma distância de, pelo menos, 10 cm de outros móveis ou paredes, tanto na parte superior quanto nas laterais. O casal comprou um refrigerador que caberia no local a ele destinado na nova cozinha, seguindo as instruções do fabricante. Esse refrigerador tem altura e largura máximas, em metro, respectivamente, iguais a;1,80 e 0,60.;1,80 e 0,70.;1,90 e 0,80.;2,00 e 0,90.;2,00 e 1,00.;0
2022;157;MT;86499;B;5;0;;2.93676;3.33565;0.21207;AMARELA;1076;;0;;REGULAR;ENEM_2022_P1_CAD_05_DIA_2_AMARELO.pdf;Uma montadora de automóveis divulgou que oferta a seus clientes mais de 1 000 configurações diferentes de carro, variando o modelo, a motorização, os opcionais e a cor do veículo. Atualmente, ela oferece 7 modelos de carros com 2 tipos de motores: 1.0 e 1.6. Já em relação aos opcionais, existem 3 escolhas possíveis: central multimídia, rodas de liga leve e bancos de couro, podendo o cliente optar por incluir um, dois, três ou nenhum dos opcionais disponíveis. Para ser fiel à divulgação feita, a quantidade mínima de cores que a montadora deverá disponibilizar a seus clientes é;8.;9.;11.;18.;24.;0
2022;156;MT;117820;C;17;0;;0.48694;4.48651;0.14739;AMARELA;1076;;0;;REGULAR;ENEM_2022_P1_CAD_05_DIA_2_AMARELO.pdf;"Uma equipe de marketing digital foi contratada para aumentar as vendas de um produto ofertado em um site de comércio eletrônico. Para isso, elaborou um anúncio que, quando o cliente clica sobre ele, é direcionado para a página de vendas do produto. Esse anúncio foi divulgado em duas redes sociais, A e B, e foram obtidos os seguintes resultados: \bullet rede social A: o anúncio foi visualizado por 3 000 pessoas; 10% delas clicaram sobre o anúncio e foram redirecionadas para o site; 3% das que clicaram sobre o anúncio compraram o produto. O investimento feito para a publicação do anúncio nessa rede foi de R$ 100,00; \bullet rede social B: o anúncio foi visualizado por 1 000 pessoas; 30% delas clicaram sobre o anúncio e foram redirecionadas para o site; 2% das que clicaram sobre o anúncio compraram o produto. O investimento feito para a publicação do anúncio nessa rede foi de R$ 200,00. Por experiência, o pessoal da equipe de marketing considera que a quantidade de novas pessoas que verão o anúncio é diretamente proporcional ao investimento realizado, e que a quantidade de pessoas que comprarão o produto também se manterá proporcional à quantidade de pessoas que clicarão sobre o anúncio. O responsável pelo produto decidiu, então, investir mais R$ 300,00 em cada uma das duas redes sociais para a divulgação desse anúncio e obteve, de fato, o aumento proporcional esperado na quantidade de clientes que compraram esse produto. Para classificar o aumento obtido na quantidade (Q) de compradores desse produto, em consequência dessa segunda divulgação, em relação aos resultados observados na primeira divulgação, o responsável pelo produto adotou o seguinte critério: \bullet Q \le 60%: não satisfatório; \bullet 60% < Q \le 100%: regular; \bullet 100% < Q \le 150%: bom; \bullet 150% < Q \le 190%: muito bom; \bullet 190% < Q \le 200%: excelente. O aumento na quantidade de compradores, em consequência dessa segunda divulgação, em relação ao que foi registrado com a primeira divulgação, foi classificado como";não satisfatório.;regular.;bom.;muito bom.;excelente.;0
2022;155;MT;95509;E;21;0;;2.27997;2.41531;0.11329;AMARELA;1076;;0;;REGULAR;ENEM_2022_P1_CAD_05_DIA_2_AMARELO.pdf;Um parque tem dois circuitos de tamanhos diferentes para corridas. Um corredor treina nesse parque e, no primeiro dia, inicia seu treino percorrendo 3 voltas em torno do circuito maior e 2 voltas em torno do menor, perfazendo um total de 1 800 m. Em seguida, dando continuidade a seu treino, corre mais 2 voltas em torno do circuito maior e 1 volta em torno do menor, percorrendo mais 1 100 m. No segundo dia, ele pretende percorrer 5 000 m nos circuitos do parque, fazendo um número inteiro de voltas em torno deles e de modo que o número de voltas seja o maior possível. A soma do número de voltas em torno dos dois circuitos, no segundo dia, será;10.;13.;14.;15.;16.;0
2022;154;MT;117651;E;18;0;;0.51115;2.58401;0.0088;AMARELA;1076;;0;;REGULAR;ENEM_2022_P1_CAD_05_DIA_2_AMARELO.pdf;O pacote básico de um jogo para smartphone, que é vendido a R$ 50,00, contém 2 000 gemas e 100 000 moedas de ouro, que são itens utilizáveis nesse jogo. A empresa que comercializa esse jogo decidiu criar um pacote especial que será vendido a R$ 100,00 e que se diferenciará do pacote básico por apresentar maiores quantidades de gemas e moedas de ouro. Para estimular as vendas desse novo pacote, a empresa decidiu inserir nele 6 000 gemas a mais, em relação ao que o cliente teria caso optasse por comprar, com a mesma quantia, dois pacotes básicos. A quantidade de moedas de ouro que a empresa deverá inserir ao pacote especial, para que seja mantida a mesma proporção existente entre as quantidades de gemas e de moedas de ouro contidas no pacote básico, é;50 000.;100 000.;200 000.;300 000.;400 000.;0
2022;152;MT;86840;C;28;0;;0.24441;4.65334;0.03228;AMARELA;1076;;0;;REGULAR;ENEM_2022_P1_CAD_05_DIA_2_AMARELO.pdf;A World Series é a decisão do campeonato norte-americano de beisebol. Os dois times que chegam a essa fase jogam, entre si, até sete partidas. O primeiro desses times que completar quatro vitórias é declarado campeão. Considere que, em todas as partidas, a probabilidade de qualquer um dos dois times vencer é sempre $\frac{1}{2}$ . Qual é a probabilidade de o time campeão ser aquele que venceu a primeira partida da World Series?;$\frac{35}{64}$;$\frac{40}{64}$;$\frac{42}{64}$;$\frac{44}{64}$;$\frac{52}{64}$;0
2022;150;MT;47309;B;2;0;;0.92146;2.16924;0.15718;AMARELA;1076;;0;;REGULAR;ENEM_2022_P1_CAD_05_DIA_2_AMARELO.pdf;"Um prédio, com 9 andares e 8 apartamentos de 2 quartos por andar, está com todos os seus apartamentos à venda. Os apartamentos são identificados por números formados por dois algarismos, sendo que a dezena indica o andar onde se encontra o apartamento, e a unidade, um algarismo de 1 a 8, que diferencia os apartamentos de um mesmo andar. Quanto à incidência de sol nos quartos desses apartamentos, constatam-se as seguintes características, em função de seus números de identificação: \bullet naqueles que finalizam em 1 ou 2, ambos os quartos recebem sol apenas na parte da manhã; \bullet naqueles que finalizam em 3, 4, 5 ou 6, apenas um dos quartos recebe sol na parte da manhã; \bullet naqueles que finalizam em 7 ou 8, ambos os quartos recebem sol apenas na parte da tarde. Uma pessoa pretende comprar 2 desses apartamentos em um mesmo andar, mas quer que, em ambos, pelo menos um dos quartos receba sol na parte da manhã. De quantas maneiras diferentes essa pessoa poderá escolher 2 desses apartamentos para compra nas condições desejadas?";$9 \frac{6!}{6-2!} ( )$;$9 \frac{6!}{6-2!2!} ( )$;$9 \frac{4!}{4-2!2!} ( )$;$9 \frac{2!}{2-2!2!} ( ) ( )$;$9 \left(\frac{8!}{8-2!2!}-1\right) \left( ) )$;0
2022;149;MT;43182;C;3;0;;2.19381;1.56693;0.1302;AMARELA;1076;;0;;REGULAR;ENEM_2022_P1_CAD_05_DIA_2_AMARELO.pdf;Em janeiro de 2013, foram declaradas 1 794 272 admissões e 1 765 372 desligamentos no Brasil, ou seja, foram criadas 28 900 vagas de emprego, segundo dados do Cadastro Geral de Empregados e Desempregados (Caged), divulgados pelo Ministério do Trabalho e Emprego (MTE). Segundo o Caged, o número de vagas criadas em janeiro de 2013 sofreu uma queda de 75%, quando comparado com o mesmo período de 2012. Disponível em: http://portal.mte.gov.br. Acesso em: 23 fev. 2013 (adaptado). De acordo com as informações dadas, o número de vagas criadas em janeiro de 2012 foi;16 514.;86 700.;115 600.;441 343.;448 568.;0
2022;147;MT;19807;E;12;0;;4.1583;2.56697;0.06542;AMARELA;1076;;0;;REGULAR;ENEM_2022_P1_CAD_05_DIA_2_AMARELO.pdf;Uma cozinheira produz docinhos especiais por encomenda. Usando uma receita-base de massa, ela prepara uma porção, com a qual produz 50 docinhos maciços de formato esférico, com 2 cm de diâmetro. Um cliente encomenda 150 desses docinhos, mas pede que cada um tenha formato esférico com 4 cm de diâmetro. A cozinheira pretende preparar o número exato de porções da receita-base de massa necessário para produzir os docinhos dessa encomenda. Quantas porções da receita-base de massa ela deve preparar para atender esse cliente?;2;3;6;12;24;0
2022;146;MT;95676;A;26;0;;1.32325;0.64802;0.18728;AMARELA;1076;;0;;REGULAR;ENEM_2022_P1_CAD_05_DIA_2_AMARELO.pdf;Uma pessoa precisa contratar um operário para fazer um serviço em sua casa. Para isso, ela postou um anúncio em uma rede social. Cinco pessoas responderam informando preços por hora trabalhada, gasto diário com transporte e tempo necessário para conclusão do serviço, conforme valores apresentados no quadro. Preço por Preço do Tempo até Operário hora transporte conclusão (real) (real) (hora) $\frac{I}{II}\frac{120}{180}\frac{0,00}{0,00}\frac{8}{6}$ III $\frac{170}{110}\frac{20,00}{10,00}\frac{6}{9}$ $\frac{IV}{V}$ 110 0,00 10 Se a pessoa pretende gastar o mínimo possível com essa contratação, irá contratar o operário;I.;II.;III.;IV.;V.;0
2022;144;MT;60441;E;1;0;;1.42701;-0.02398;0.11013;AMARELA;1076;;0;;REGULAR;ENEM_2022_P1_CAD_05_DIA_2_AMARELO.pdf;Ao escutar a notícia de que um filme recém-lançado arrecadou, no primeiro mês de lançamento, R$ 1,35 bilhão em bilheteria, um estudante escreveu corretamente o número que representa essa quantia, com todos os seus algarismos. O número escrito pelo estudante foi;135 000,00.;1 350 000,00.;13 500 000,00.;135 000 000,00.;1 350 000 000,00.;0
2022;142;MT;63204;E;9;0;;3.78296;1.88956;0.14444;AMARELA;1076;;0;;REGULAR;ENEM_2022_P1_CAD_05_DIA_2_AMARELO.pdf;"Uma loja comercializa cinco modelos de caixas-d’água (I, II, III, IV e V), todos em formato de cilindro reto de base circular. Os modelos II, III, IV e V têm as especificações de suas dimensões dadas em relação às dimensões do modelo I, cuja profundidade é P e área da base é A , como segue: b \bullet modelo II: o dobro da profundidade e a metade da área da base do modelo I; \bullet modelo III: o dobro da profundidade e a metade do raio da base do modelo I; \bullet modelo IV: a metade da profundidade e o dobro da área da base do modelo I; \bullet modelo V: a metade da profundidade e o dobro do raio da base do modelo I. Uma pessoa pretende comprar nessa loja o modelo de caixa-d’água que ofereça a maior capacidade volumétrica. O modelo escolhido deve ser o";I.;II.;III.;IV.;V.;0
2022;140;MT;68369;A;4;0;;2.57245;1.58603;0.10176;AMARELA;1076;;0;;REGULAR;ENEM_2022_P1_CAD_05_DIA_2_AMARELO.pdf;Em uma loja, o preço promocional de uma geladeira é de R$ 1 000,00 para pagamento somente em dinheiro. Seu preço normal, fora da promoção, é 10% maior. Para pagamento feito com o cartão de crédito da loja, é dado um desconto de 2% sobre o preço normal. Uma cliente decidiu comprar essa geladeira, optando pelo pagamento com o cartão de crédito da loja. Ela calculou que o valor a ser pago seria o preço promocional acrescido de 8%. Ao ser informada pela loja do valor a pagar, segundo sua opção, percebeu uma diferença entre seu cálculo e o valor que lhe foi apresentado. O valor apresentado pela loja, comparado ao valor calculado pela cliente, foi;R$ 2,00 menor.;R$ 100,00 menor.;R$ 200,00 menor.;R$ 42,00 maior.;R$ 80,00 maior.;0
2022;138;MT;82581;A;10;0;;1.90672;2301;0.10655;AMARELA;1076;;0;;REGULAR;ENEM_2022_P1_CAD_05_DIA_2_AMARELO.pdf;Definem-se o dia e o ano de um planeta de um sistema solar como sendo, respectivamente, o tempo que o planeta leva para dar 1 volta completa em torno de seu próprio eixo de rotação e o tempo para dar 1 volta completa em torno de seu Sol. Suponha que exista um planeta Z, em algum sistema solar, onde um dia corresponda a 73 dias terrestres e que 2 de seus anos correspondam a 1 ano terrestre. Considere que 1 ano terrestre tem 365 de seus dias. No planeta Z, seu ano corresponderia a quantos de seus dias?;2,5;10;730;13 322,5;53 290,0;0
2022;137;MT;117877;B;12;0;;2.65709;1.6446;0.20086;AMARELA;1076;;0;;REGULAR;ENEM_2022_P1_CAD_05_DIA_2_AMARELO.pdf;Um borrifador de atuação automática libera, a cada acionamento, uma mesma quantidade de inseticida. O recipiente desse produto, quando cheio, contém 360 mL de inseticida, que duram 60 dias se o borrifador permanecer ligado ininterruptamente e for acionado a cada 48 minutos. A quantidade de inseticida que é liberada a cada acionamento do borrifador, em mililitro, é;0,125.;0,200.;4,800.;6,000.;12,000.;0
2022;136;MT;89124;A;25;0;;1.75873;1.21541;0.12097;AMARELA;1156;;0;;REAPLICACAO_PPL;ENEM_2022_P2_CAD_05_DIA_2_AMARELO.pdf;Demografia médica é o estudo da população de médicos sob vários aspectos quantitativos e qualitativos. Um dos componentes desse estudo é a densidade médica, a qual é obtida dividindo-se o número de médicos registrados no Conselho Federal de Medicina (CFM) em uma região pela respectiva quantidade de pessoas da Unidade Federativa (UF) correspondente à região em estudo. A tabela apresenta informações sobre cinco unidades federativas, relativamente ao total de médicos registrados no CFM e à população existente. Total de População UF médicos (em milhar) Distrito Federal 10 800 2 650 Minas Gerais 40 400 19 900 São Paulo 110 450 41 900 Sergipe 3 000 2 120 Piauí 3 300 3 140 Disponível em: www.cremesp.org.br. Acesso em: 24 jun. 2015 (adaptado). Dentre as unidades federativas indicadas, qual apresenta a maior densidade médica?;Distrito Federal.;Minas Gerais.;São Paulo.;Sergipe.;Piauí.;0
2022;180;MT;111626;C;9;0;;1.90901;1.24106;0.34996;AMARELA;1156;;0;;REAPLICACAO_PPL;ENEM_2022_P2_CAD_05_DIA_2_AMARELO.pdf;Uma cidade enfrenta racionamento no abastecimento de água. Para minimizar os efeitos da falta de água para seus hóspedes, o gerente de um hotel pretende substituir a caixa-d’água existente por um reservatório. Sabe-se que o consumo médio diário do hotel é de 10 mil litros de água. Mantido o consumo médio diário, o gerente quer que o novo reservatório, uma vez cheio, seja capaz de suprir as necessidades do hotel por, pelo menos, 6 dias completos, mesmo que não haja abastecimento de água nesse período. O espaço de que o hotel dispõe para instalar o novo reservatório tem formato retangular com largura de 5 m e comprimento de 6 m. O gerente analisa cinco opções disponíveis para esse reservatório. Reservatórios retangulares Largura Comprimento Altura Reservatório $\frac{(m)}{6}\frac{(m)}{6}\frac{(m)}{2}$ $\frac{R_{1}}{R}$ $\frac{2}{R}\frac{4}{5}\frac{5}{6}\frac{2,5}{2}$ Reservatórios cilíndricos Reservatório Raio (m) Altura (m) 6 6 $\frac{R_{4}}{R}$ 4 5 A opção de reservatório que atende à necessidade do hotel e que cabe no espaço disponível é;R .;R .;R .;R .;R .;0
2022;178;MT;125995;A;23;0;;2.06832;2.14397;0.23203;AMARELA;1156;;0;;REAPLICACAO_PPL;ENEM_2022_P2_CAD_05_DIA_2_AMARELO.pdf;"A meta de uma concessionária de automóveis é vender, pelo menos, 104 carros por mês. Sabe-se que, em média, em dias em que não são oferecidos descontos, são vendidos 3 carros por dia; em dias em que há o desconto mínimo, são vendidos 4 carros por dia; e, em dias em que há o desconto máximo, são vendidos 5 carros por dia. No mês atual, até o fim do expediente do sexto dia em que a concessionária abriu, não foram oferecidos descontos, tendo sido vendidos 18 carros, conforme indicava a média. Ela ainda abrirá por mais 20 dias neste mês. A menor quantidade de dias em que será necessário oferecer o desconto máximo, de modo que ainda seja possível a concessionária alcançar sua meta de vendas para o mês, é";6.;10.;11.;13.;18.;0
2022;177;MT;29346;B;16;0;;1.37022;2.85626;0.18873;AMARELA;1156;;0;;REAPLICACAO_PPL;ENEM_2022_P2_CAD_05_DIA_2_AMARELO.pdf;"Três amigos realizaram uma viagem de carro entre duas cidades, num tempo total de 31 horas. Para não fazer paradas, revezaram na direção, de forma que cada um deles dirigisse um terço da quilometragem total. O primeiro, mais prudente, dirigiu a uma velocidade média de 75 quilômetros por hora; o segundo, a uma velocidade média de 90 quilômetros por hora; e o último, mais apressado, dirigiu a uma velocidade média de 100 quilômetros por hora. A distância percorrida por eles, em quilômetros, foi de";900.;2 700.;2 738.;2 790.;8 215.;0
2022;176;MT;15268;C;10;0;;2.06279;1.35535;0.21845;AMARELA;1156;;0;;REAPLICACAO_PPL;ENEM_2022_P2_CAD_05_DIA_2_AMARELO.pdf;Os países anglófonos, como a Inglaterra, o Canadá, a Austrália e outros, são países que utilizam dois sistemas de unidades para a identificação de distâncias: o Sistema Internacional, com o quilômetro (km), e o CGS, com a milha (mi). Nas rodovias canadenses, por exemplo, as placas de sinalização de distâncias apresentam dois valores, um em km e outro em mi, com esta última equivalente a aproximadamente 1 610 metros. Um turista brasileiro, habituado ao Sistema Internacional, em viagem por uma dessas rodovias, verifica em dado momento uma placa indicando a distância até a cidade a que ele se destina, onde está escrito 50 mi e XX km, com o valor da distância em quilômetro ilegível. Qual o valor, desprezando as casas decimais, que deveria estar escrito na placa, para identificar a distância XX, em quilômetro, até a cidade destino?;8;31;80;310;805;0
2022;175;MT;31366;D;3;0;;2.21676;1.74238;0.20214;AMARELA;1156;;0;;REAPLICACAO_PPL;ENEM_2022_P2_CAD_05_DIA_2_AMARELO.pdf;"O gerente de uma loja de roupas resolveu avaliar o desempenho dos seus vendedores, registrando o total de vendas em reais V que cada um deles realizou em um mês. De acordo com o valor de V, o desempenho do vendedor recebeu uma classificação, conforme a seguir: \bullet N1: se V for maior que 20 000; \bullet N2: se V ∈ ]10 000, 20 000]; \bullet N3: se V ∈ ]7 000, 10 000]; \bullet N4: se V ∈ ]4 000, 7 000]; \bullet N5: se V ∈ [0, 4 000]. No último mês, a funcionária Valéria vendeu R$ 10 000,00 em roupas, enquanto Bianca vendeu 35% a menos que sua colega. As classificações que Valéria e Bianca receberam foram, respectivamente,";N2 e N3.;N2 e N4.;N2 e N5.;N3 e N4.;N3 e N5.;0
2022;174;MT;38589;E;9;0;;1.15253;2.11616;0.19102;AMARELA;1156;;0;;REAPLICACAO_PPL;ENEM_2022_P2_CAD_05_DIA_2_AMARELO.pdf;Um túnel viário de uma única via possui a entrada na forma de um triângulo equilátero de lado 6 m. O motorista de um caminhão com 3 m de largura deve decidir se passa por esse túnel ou se toma um caminho mais longo. Para decidir, o motorista calcula a altura que esse caminhão deveria ter para tangenciar a entrada do túnel. Considere o caminhão como um paralelepípedo reto. Essa altura, em metro, é;3;$3\sqrt{2}$;$3\sqrt{3}$;$\frac{3\sqrt{2}}{2}$;$\frac{3\sqrt{3}}{2}$;0
2022;170;MT;111606;B;14;0;;1.59493;2.42518;0.33069;AMARELA;1156;;0;;REAPLICACAO_PPL;ENEM_2022_P2_CAD_05_DIA_2_AMARELO.pdf;Um carcinicultor tem um viveiro de camarão cuja cerca na superfície tem formato de um trapézio isósceles. A base maior e a altura desse trapézio têm medidas, respectivamente, de 45 e 20 metros. Para manter uma produção de qualidade, ele segue o padrão de 10 camarões para cada metro quadrado da área delimitada para o viveiro, com uma produção atual correspondente a 6 000 camarões. Mantendo o mesmo padrão de qualidade, ele pretende aumentar a capacidade produtiva desse viveiro em 2 400 unidades de camarão, com a ampliação da área delimitada para o viveiro, modificando apenas a medida da base menor do trapézio. Em quantos metros ele deverá aumentar a medida da base menor do trapézio para alcançar a capacidade produtiva desejada?;21;24;36;39;54;0
2022;169;MT;117849;A;16;0;;1.33176;0.60724;0.14341;AMARELA;1156;;0;;REAPLICACAO_PPL;ENEM_2022_P2_CAD_05_DIA_2_AMARELO.pdf;Um jovem, no trajeto que usa para ir para a escola, sempre passa por um grande relógio digital que há no centro da sua cidade e compara a hora nele mostrada com a hora que marca o seu relógio de pulso. Ao longo de 30 dias de observação, constata que o seu relógio atrasa 2 minutos, a cada 15 dias, em relação ao do centro da cidade. Após 90 dias, sem nenhum dos dois relógios receberem ajustes e mantida a mesma parcela de atraso diário, ao ler as marcações de horário dos dois relógios, verificou que o do centro da cidade marcava exatamente 7 horas. Qual horário marcava seu relógio de pulso nesse instante?;6 h e 48 min;6 h e 54 min;6 h e 58 min;7 h e 06 min;7 h e 12 min;0
2022;168;MT;141536;B;30;0;;3.27635;1.41878;0.14055;AMARELA;1156;;0;;REAPLICACAO_PPL;ENEM_2022_P2_CAD_05_DIA_2_AMARELO.pdf;"Em busca de diversificar a vivência do filho, seus pais registraram a quantidade de horas de uso diário do aparelho celular dele durante a primeira semana de agosto. O resultado desse registro, em hora, foi o seguinte: \bullet segunda-feira: 5; \bullet terça-feira: 2; \bullet quarta-feira: 9; \bullet quinta-feira: 2; \bullet sexta-feira: 8; \bullet sábado: 12; \bullet domingo: 4. Com base nesse registro, os pais planejaram incluir atividades físicas e culturais na vivência do filho no sábado da segunda semana do mesmo mês. Consequentemente, a quantidade de horas de uso do aparelho no sábado deveria ser reduzida, de modo que a média diária de uso na segunda semana fosse, no mínimo, uma hora a menos do que a média diária na primeira semana. Ao longo dos demais dias da segunda semana, a quantidade de horas de uso do aparelho seria a mesma da primeira semana. Qual é a quantidade máxima de horas de uso do aparelho no sábado da segunda semana que atende ao planejamento dos pais?";4;5;6;10;11;0
2022;167;MT;96409;D;5;0;;1.80528;1.85524;0.17764;AMARELA;1156;;0;;REAPLICACAO_PPL;ENEM_2022_P2_CAD_05_DIA_2_AMARELO.pdf;Uma família decidiu comprar um aparelho condicionador de ar usando como critério de escolha seu consumo mensal de energia. Suponha que o valor de 1 kWh da conta de energia elétrica dessa família custe R$ 0,58 (impostos incluídos) e que há bandeira tarifária vermelha correspondendo a R$ 0,045 para cada 1 kWh consumido. O uso desse aparelho deve representar um acréscimo mensal na conta de energia elétrica da família de R$ 150,00. O consumo de energia elétrica mensal mais próximo, em quilowatt-hora, que o aparelho deve ter é igual a;286.;280.;259.;240.;146.;0
2022;166;MT;96344;B;29;0;;0.9071;0.82822;0.19843;AMARELA;1156;;0;;REAPLICACAO_PPL;ENEM_2022_P2_CAD_05_DIA_2_AMARELO.pdf;Uma empresa tem cinco setores, cada um com quatro funcionários, sendo que cada funcionário de um setor tem um cargo diferente. O quadro apresenta os salários, em real, dos funcionários de cada um desses setores, por cargo. Salário Salário Salário Salário para o para o para o para o Setor cargo 1 cargo 2 cargo 3 cargo 4 (R$) (R$) (R$) (R$) I 1 550,00 1 140,00 1 140,00 1 150,00 II 1 100,00 1 100,00 1 520,00 1 200,00 III 1 050,00 1 050,00 1 600,00 2 000,00 IV 1 300,00 1 160,00 1 280,00 1 280,00 V 1 250,00 1 300,00 1 300,00 1 150,00 A empresa pretende incentivar a qualificação profissional, oferecendo cursos gratuitos para os funcionários de todos os cinco setores. Entretanto, o primeiro curso será oferecido aos funcionários do setor que apresenta a menor média salarial por cargo. O primeiro curso será oferecido aos funcionários do setor;I.;II.;III.;IV.;V.;0
2022;165;MT;82608;C;21;0;;1.95173;1.46978;0.21516;AMARELA;1156;;0;;REAPLICACAO_PPL;ENEM_2022_P2_CAD_05_DIA_2_AMARELO.pdf;Três amigos, A, B e C, se encontraram em um supermercado. Por coincidência, estavam comprando os mesmos itens, conforme o quadro. Amigos Arroz (kg) Feijão (kg) Macarrão (kg) $\frac{A}{B}\frac{3}{2}\frac{2}{3}\frac{4}{3}$ C 2 2 2 Os amigos estavam muito entretidos na conversa e nem perceberam que pagaram suas compras, pegaram seus trocos e esqueceram seus comprovantes. Já longe do supermercado, “A” lembrou que precisava saber o quanto pagou por um quilo de arroz e dois quilos de macarrão, pois estava comprando para sua vizinha e esperava ser ressarcido. “B”, que adorava desafios matemáticos, disse que pagou suas compras com R$ 40,00 e obteve troco de R$ 7,30, e que conseguiria determinar o custo desses itens se os amigos dissessem como pagaram e quanto foram seus respectivos trocos. “A” disse que pagou com R$ 40,00 e obteve troco de R$ 4,00, e “C” pagou com R$ 30,00 e obteve troco de R$ 5,40. A vizinha de “A” deve a ele pela compra, em reais, o valor de;8,10.;10,00.;11,40.;12,00.;13,20.;0
2022;164;MT;25236;A;11;0;;1.77991;1.86878;0.15662;AMARELA;1156;;0;;REAPLICACAO_PPL;ENEM_2022_P2_CAD_05_DIA_2_AMARELO.pdf;Um engenheiro fará um projeto de uma casa cujo terreno tem o formato de um retângulo de 36 m de comprimento por 9 m de largura. Para isso, ele fará um desenho de um retângulo de 24 cm de comprimento por 6 cm de largura. Qual deve ser a escala utilizada pelo engenheiro?;150 : 1;225 : 1;600 : 1;2,25 : 1;1,5 : 1;0
2022;163;MT;25818;D;13;0;;1.92625;2.91184;0.15444;AMARELA;1156;;0;;REAPLICACAO_PPL;ENEM_2022_P2_CAD_05_DIA_2_AMARELO.pdf;Um cliente vai a uma loja de materiais de revestimento cerâmico para adquirir porcelanato para a substituição do piso de uma sala com formato retangular, com área total de 36 m^{2}. O vendedor dessa loja lhe oferece dois projetos. \bullet Projeto A: porcelanato quadrado, com 0,60 m de lado, para ser disposto de maneira que a diagonal do quadrado seja paralela ao contorno da sala. Custo da caixa com 10 peças: R$ 60,00. \bullet Projeto B: porcelanato quadrado, com 0,40 m de lado, para ser disposto de maneira que os lados do quadrado sejam paralelos ao contorno da sala. Custo da caixa com 12 peças: R$ 40,00. O vendedor informa que a fábrica recomenda a compra de uma quantidade adicional do número de peças para eventual necessidade de cortes e para reserva. No caso do projeto A, devem ser adquiridos 25% a mais, e no caso do projeto B, uma quantidade 10% maior do que o valor exato da área de recobrimento. O cliente decide, então, que irá adotar o projeto de menor custo. O custo mínimo que o cliente deverá ter, em conformidade com seu objetivo e com as informações apresentadas, será de;R$ 600,00.;R$ 660,00.;R$ 720,00.;R$ 780,00.;R$ 840,00.;0
2022;162;MT;29728;B;25;0;;1.86299;1.36218;0.19716;AMARELA;1156;;0;;REAPLICACAO_PPL;ENEM_2022_P2_CAD_05_DIA_2_AMARELO.pdf;Admita que um grupo musical deseja produzir seu próprio CD. Para tanto, adquire um pequeno equipamento para gravar CDs ao valor de R$ 252,00, e vários CDs novos, sendo esses os únicos gastos realizados na produção dos CDs. Sabe-se que o custo total na compra do equipamento e dos CDs totalizou o valor de R$ 1 008,00, e que o custo unitário de cada CD novo, em real, varia de acordo com o número n de CDs adquiridos, segundo o quadro. Número n de CDs Custo unitário de cada adquiridos CD novo (em real) n < 1 000 0,45 1 000 < n < 2 500 0,40 2 500 < n 0,35 Nessas condições, o número de CDs adquiridos pelo grupo musical é igual a;1 680.;1 890.;2 160.;2 520.;2 880.;0
2022;161;MT;54142;C;29;0;;1.38186;1.79048;0.30088;AMARELA;1156;;0;;REAPLICACAO_PPL;ENEM_2022_P2_CAD_05_DIA_2_AMARELO.pdf;Um curso preparatório para concursos tem duas turmas, A e B. Do total de alunos, 54% estão na turma A. A direção do curso decidiu pagar um bônus salarial aos professores dessas turmas, de acordo com a probabilidade de um aluno do curso, escolhido ao acaso, ser aprovado no concurso. Foi estabelecida a tabela que indica como o bônus seria definido. Probabilidade de aprovação (%) Bônus 0 < P < 10 I 10 < P < 20 II 20 < P < 35 III 35 < P < 50 IV 50 < P < 100 V Para calcular a probabilidade desejada, foi aplicado um simulado anterior ao concurso. Nele, o percentual de aprovados da turma A foi de 25%, enquanto houve uma aprovação de 40% para os alunos da turma B. Dessa forma, os professores desse curso devem receber o bônus;I.;II.;III.;IV.;V;0
2022;159;MT;67147;D;1;0;;1.45002;0.98124;0.20846;AMARELA;1156;;0;;REAPLICACAO_PPL;ENEM_2022_P2_CAD_05_DIA_2_AMARELO.pdf;Uma escola realizou uma pesquisa entre todos os seus estudantes e constatou que três em cada dez deles estão matriculados em algum curso extracurricular de língua estrangeira. Em relação ao número total de estudantes dessa escola, qual porcentagem representa o número de alunos matriculados em algum curso extracurricular de língua estrangeira?;0,3%;0,33%;3%;30%;33%;0
2022;158;MT;27866;E;5;0;;2.73149;1.48659;0.18111;AMARELA;1156;;0;;REAPLICACAO_PPL;ENEM_2022_P2_CAD_05_DIA_2_AMARELO.pdf;Toda a iluminação de um escritório é feita utilizando-se 40 lâmpadas incandescentes que produzem 600 lúmens (lúmen = unidade de energia luminosa) cada. O gerente planeja reestruturar o sistema de iluminação desse escritório, utilizando somente lâmpadas fluorescentes que produzem 1 600 lúmens, para aumentar a quantidade de energia luminosa em 50%. Para alcançar seu objetivo, a quantidade mínima de lâmpadas fluorescentes que o gerente desse escritório deverá instalar é;10.;14.;15.;16.;23.;0
2022;157;MT;44399;B;17;0;;1.32878;2.04688;0.18028;AMARELA;1156;;0;;REAPLICACAO_PPL;ENEM_2022_P2_CAD_05_DIA_2_AMARELO.pdf;"Um clube está sendo reformado e deve ter algumas paredes e partes do teto repintadas. São, no total, 560 m^{2 }de parede e 260 m^{2} de teto. Segundo orientações técnicas, um entre três tipos diferentes de tinta deve ser usado para pintar as paredes (tipos I, II e III), e um entre outros dois tipos pode ser utilizado na pintura do teto (tipos X e Y). As características dos diferentes produtos são apresentadas a seguir: \bullet tipo I: vendido em embalagem com 10 L, por R$ 180,00 cada. O conteúdo permite pintar uma área de 220 m^{2}; \bullet tipo II: vendido em embalagem com 20 L, por R$ 350,00 cada. O conteúdo permite pintar uma área de 450 m^{2}; \bullet tipo III: vendido em embalagem com 25 L, por R$ 650,00 cada. O conteúdo permite pintar uma área de 550 m^{2}; \bullet tipo X: vendido em embalagem com 4 L, por R$ 70,00 cada. O conteúdo permite pintar uma área de 80 m^{2}; \bullet tipo Y: vendido em embalagem com 5 L, por R$ 85,00 cada. O conteúdo permite pintar uma área de 90 m^{2}. Pretende-se gastar a menor quantia possível, em real, com essa pintura. As tintas que devem ser escolhidas para uso nas paredes e teto do clube, respectivamente, são as de tipos";I e X.;I e Y.;II e X.;II e Y.;III e Y.;0
2022;156;MT;15978;E;28;0;;1.28609;2.98952;0.20663;AMARELA;1156;;0;;REAPLICACAO_PPL;ENEM_2022_P2_CAD_05_DIA_2_AMARELO.pdf;"Sete países americanos, Argentina, Brasil, Canadá, Chile, Estados Unidos, Paraguai e Uruguai; e sete países europeus, Portugal, Espanha, França, Inglaterra, Itália, Alemanha e Suíça, decidem criar uma comissão com representantes de oito desses países, objetivando criar políticas de incentivo e regulação do turismo entre eles. Na hipótese de criação da comissão, serão escolhidos aleatoriamente quatro representantes de países das Américas e quatro representantes de países europeus, não podendo estar na comissão dois representantes de um mesmo país. Qual é a probabilidade de o Brasil e a França pertencerem a essa comissão?";$\frac{1}{182}$;$\frac{1}{49}$;$\frac{1}{4}$;$\frac{1}{13}$;$\frac{16}{49}$;0
2022;154;MT;39361;B;4;0;;1.45585;1.79365;0.1174;AMARELA;1156;;0;;REAPLICACAO_PPL;ENEM_2022_P2_CAD_05_DIA_2_AMARELO.pdf;A associação de comerciantes varejistas de uma cidade, a fim de incrementar as vendas para o Natal, decidiu promover um fim de semana de descontos e promoções, no qual produtos e serviços estariam com valores reduzidos. Antes do período promocional, um celular custava R$ 300,00 e teve seu preço reajustado, passando a custar R$ 315,00. Durante o fim de semana de descontos e promoções, o preço desse celular recebeu um desconto de 20%. O desconto dado no preço do celular, em porcentagem, com base no valor dele anteriormente ao aumento sofrido antes da promoção, foi de;15,24%;16,00%;19,04%;21,00%;25,00%;0
2022;153;MT;43039;D;3;0;;1.29609;2.26288;0.10236;AMARELA;1156;;0;;REAPLICACAO_PPL;ENEM_2022_P2_CAD_05_DIA_2_AMARELO.pdf;A classificação de um país no quadro de medalhas olímpicas deve-se primeiro ao número de medalhas de ouro que o país conquistou. Em caso de empate no número de medalhas de ouro, passa a ser considerado o número de medalhas de prata e, por fim, o de medalhas de bronze. O quadro de medalhas a seguir apresenta os países classificados do 9º ao 11º lugar nas Olimpíadas de Londres, realizadas em 2012. Ouro Prata Bronze 9º Hungria $\frac{8}{7}\frac{4}{16}\frac{5}{12}$ 10º Austrália 11º Japão 7 14 17 Nessa olimpíada, o Brasil obteve 3 medalhas de ouro, 5 de prata e 9 de bronze, classificando-se em 22º lugar no quadro geral de medalhas. Disponível em: http://olimpiadas.uol.com.br. Acesso em: 28 fev. 2013 (adaptado). Supondo que o número de medalhas dos demais países permaneça inalterado, qual o número mínimo de medalhas que o Brasil deveria ter ganhado a mais nas Olimpíadas de Londres a fim de ficar exatamente na 10ª posição?;22;19;17;16;14;0
2022;151;MT;32965;D;26;0;;1.92946;0.52624;0.14703;AMARELA;1156;;0;;REAPLICACAO_PPL;ENEM_2022_P2_CAD_05_DIA_2_AMARELO.pdf;Um proprietário precisa comprar tubos para ligações hidráulicas durante a reforma de sua casa, optando pela compra do material de menor custo. O engenheiro responsável pela obra afirmou ao proprietário que os tubos precisam suportar uma vazão de 1,2 litro por segundo. Para manter o padrão das tubulações já existentes na casa, os tubos devem ter 15, 20 ou 25 mm de diâmetro. Uma loja de materiais de construção apresentou ao proprietário o quadro no qual se encontram cinco tipos de tubo, com indicação de diâmetro, vazão e custo para cada um deles. DIÂMETRO VAZÃO CUSTO MATERIAL (em mm) (em L/s) (em R$/m) $PVC \frac{15}{20}\frac{0,40}{1,20}\frac{0,50}{1,25}$ soldável $\frac{25}{15}\frac{1,25}{0,50}\frac{1,35}{0,65}$ PEX $\frac{20}{25}\frac{1,10}{1,20}\frac{1,05}{1,35}$ $\frac{15}{20}\frac{0,60}{1,20}\frac{0,30}{1,25}$ Polipropileno $\frac{25}{15}\frac{1,30}{0,50}\frac{1,55}{0,80}$ PVC $roscável \frac{20}{25}\frac{1,10}{1,20}\frac{1,10}{1,15}$ $Polietileno \frac{15}{20}\frac{0,60}{1,20}\frac{0,35}{1,20}$ reticulado 25 1,30 1,25 O proprietário deverá comprar;PVC soldável com 20 mm de diâmetro.;PEX com 20 mm de diâmetro.;Polipropileno com 15 mm de diâmetro.;PVC roscável com 25 mm de diâmetro.;Polietileno reticulado com 20 mm de diâmetro.;0
2022;150;MT;39894;B;24;0;;1.63915;2.13806;0.1433;AMARELA;1156;;0;;REAPLICACAO_PPL;ENEM_2022_P2_CAD_05_DIA_2_AMARELO.pdf;Um investidor comprou ações de uma empresa em 3 de maio de certo ano (uma segunda-feira), pagando R$ 20,00 por cada uma. As ações mantinham seus preços inalterados por uma semana e tinham novos valores divulgados pela empresa a cada segunda-feira, antes da realização de qualquer negócio. O quadro ilustra o valor de uma dessas ações, em real, ao longo de algumas semanas. Semana Valor (R$) 03 a 09 de maio 20 10 a 16 de maio 25 17 a 23 de maio 20 24 a 30 de maio 35 31 de maio a 06 de junho 45 O investidor vendeu suas ações em 7 de junho, mas fez isso antes da divulgação do valor das ações naquela semana. E obteve, por cada ação, a média entre os valores unitários da primeira e última semanas indicados no quadro. Suponha que o valor divulgado para uma ação daquela empresa na semana de 7 a 13 de junho tenha sido 30% maior que a média dos valores nas semanas observadas no quadro. Se o investidor tivesse vendido as ações pelo preço divulgado para a semana de 7 a 13 de junho, quanto ele teria recebido a mais, em real, pela venda de cada ação?;4,55;5,2;9,75;16,25;26;0
2022;148;MT;111455;C;27;0;;1.40876;1.40259;0.16936;AMARELA;1156;;0;;REAPLICACAO_PPL;ENEM_2022_P2_CAD_05_DIA_2_AMARELO.pdf;O diabetes mellitus é uma doença crônica, caracterizada pelo aumento de glicose no sangue. O Sistema de Cadastramento e Acompanhamento de Hipertensos e Diabéticos destina-se ao cadastramento e acompanhamento de portadores de hipertensão arterial e/ou diabetes mellitus atendidos na rede ambulatorial do Sistema Único de Saúde. A tabela mostra o número de pessoas portadoras de diabetes mellitus tipo 2, a forma mais grave da doença, distribuídas pelas macrorregiões de saúde de Minas Gerais, em 2012. Número de portadores Macrorregião de diabetes mellitus de saúde tipo 2 Sul 714 Centro-Sul 186 Centro 448 Jequitinhonha 36 Oeste 460 Leste 255 Sudeste 110 Norte 45 Noroeste 86 Leste do Sul 47 Nordeste 39 Triângulo do Sul 153 Triângulo do Norte 128 Disponível em: http://tabnet.datasus.gov.br. Acesso em: 5 nov. 2017. A mediana do número de portadores de diabetes mellitus tipo 2 das macrorregiões de saúde de Minas Gerais é;110,00.;119,00.;128,00.;182,50.;208,23.;0
2022;147;MT;117756;D;13;0;;0.95677;1.84466;0.15387;AMARELA;1156;;0;;REAPLICACAO_PPL;ENEM_2022_P2_CAD_05_DIA_2_AMARELO.pdf;Os aeroportos apresentam regras rígidas para despacho de bagagem. No caso de embarque nacional, algumas companhias aéreas ainda não cobravam, até 2017, por unidade de bagagem despachada, limitada a 23 kg por passageiro. Uma pessoa irá viajar com uma única mala. Como não quer pagar por “excesso de peso” e dispõe, em casa, de uma balança de pêndulo que apresenta um erro máximo de 8% a mais em relação à massa real do objeto que nela for verificada, conferirá qual a massa de sua mala antes de ir para o aeroporto. O valor máximo, em quilograma, indicado em sua balança deverá ser;21,16.;22,08.;23,92.;24,84.;25,00.;0
2022;146;MT;83220;B;19;0;;2.11507;2.27835;0.25095;AMARELA;1156;;0;;REAPLICACAO_PPL;ENEM_2022_P2_CAD_05_DIA_2_AMARELO.pdf;"Uma faculdade oferece dois cursos diferentes na área de Humanas. Para um aluno ingressar nesses cursos, o vestibular contém questões objetivas e uma redação, e a nota final do candidato é a soma dessas notas, utilizando o seguinte critério de pesos: \bullet questões objetivas: peso 1 para o curso I e peso 1 para o curso II; \bullet redação: peso 2 para o curso I e peso 3 para o curso II. Um candidato que concorre aos dois cursos obteve nota X nas questões objetivas e nota Y na redação. Para analisar sua nota para o curso I e para o curso II, o candidato representa sua nota com um produto de matrizes A . B, em que a matriz A representa os pesos, e a matriz B contém as notas obtidas pelo candidato. A matriz resultante A . B é uma matriz coluna, em que, na primeira linha, tem sua nota final para o curso I e, na segunda linha, tem sua nota final para o curso II. Nessas condições, qual representação algébrica gera o resultado final desse candidato nos dois cursos? (1 1) ( X )";( \right)( ) (2 3) (Y ) (1 2) ( X );( ) ) ( ) (1 3) (Y ) (2 1) ( X );( ) ) ( ) (3 1) (Y ) (2 3) (Y );( \right)( ) (1 1) ( X ) (1 1) (Y );( \right)( ) (2 3) ( X );0
2022;145;MT;42959;C;19;0;;1.8075;2.52222;0.20343;AMARELA;1156;;0;;REAPLICACAO_PPL;ENEM_2022_P2_CAD_05_DIA_2_AMARELO.pdf;O chocolate é um dos alimentos mais apreciados e desejados do mundo. Uma loja especializada nesse produto oferece uma promoção para os bombons, que custam R$ 2,00 cada. Cada cliente tem x% de desconto na compra de x bombons. A promoção é válida para a compra de até 40 bombons, ou seja, 40% é o desconto máximo possível. Queremos escrever uma expressão para V em função de x, com x \le 40 . Qual é a expressão do valor V, em reais, na compra de x bombons da promoção, por cliente?;$V = \frac{1}{50} x^{2}$;$V = 2 - \frac{1}{50} x$;$V = 2x - \frac{1}{50} x^{2}$;$V = x - \frac{1}{100} x^{2}$;$V = 2x - \frac{1}{100} x$;0
2022;141;MT;32092;A;27;0;;2.48267;1.47143;0.11603;AMARELA;1156;;0;;REAPLICACAO_PPL;ENEM_2022_P2_CAD_05_DIA_2_AMARELO.pdf;Descargas atmosféricas, objetos estranhos e quedas de árvores, entre outros motivos, podem gerar interrupções na rede elétrica. Em certo município, um levantamento realizado pela companhia de fornecimento de energia relacionou, durante 30 dias, o número de interrupções na rede elétrica com o número de dias em que elas ocorreram. Número de interrupções Número de dias 0 5 1 6 2 6 3 10 4 3 Total 30 A moda e a média diária do número de interrupções são, respectivamente, iguais a;3 e 2,0.;3 e 2,4.;3 e 6,0.;10 e 2,0.;10 e 2,4.;0
2022;140;MT;63862;D;2;0;;1.25949;2.10425;0.26204;AMARELA;1156;;0;;REAPLICACAO_PPL;ENEM_2022_P2_CAD_05_DIA_2_AMARELO.pdf;As bactérias são microrganismos formados por uma única célula. Elas estão presentes em praticamente todos os meios: no ar, na água, no solo ou no interior de outros seres vivos. A forma de reprodução mais comum das bactérias é a assexuada por bipartição. Nesse processo, cada uma delas tem seu DNA duplicado e, posteriormente, se divide em duas células bacterianas. De modo geral, em condições favoráveis, esse processo de bipartição se conclui a cada 20 minutos. Disponível em: www.sobiologia.com.br. Acesso em: 16 nov. 2013 (adaptado). Considere que, no instante t= 0, há uma quantidade N de bactérias em um meio favorável à sua reprodução, de modo que nele só se reproduzem por bipartição. A sequência formada pela quantidade de bactérias nesse meio nos instantes 0, 20, 40, 60, 80 e 100 minutos é;$N , N^{2}, N^{3}, N^{4}, N^{5}, N^{6} 0 0 0 0 0 0$;$N , N^{2}, N^{4}, N^{8}, N^{16}, N^{32} 0 0 0 0 0 0$;N , 2N , 3N , 4N , 5N , 6N 0 0 0 0 0 0;N , 2N , 4N , 8N , 16N , 32N 0 0 0 0 0 0;N , 3N , 7N , 15N , 31N , 63N 0 0 0 0 0 0;0
2022;139;MT;126044;B;18;0;;2.31188;2.74165;0.29997;AMARELA;1156;;0;;REAPLICACAO_PPL;ENEM_2022_P2_CAD_05_DIA_2_AMARELO.pdf;"A tarifa da energia elétrica no Brasil tem sofrido variações em função do seu custo de produção, seguindo um sistema de bandeiras tarifárias. Esse sistema indica se haverá ou não acréscimo no valor do quilowatt-hora (kWh). Suponha que o repasse ao consumidor final seja da seguinte maneira: \bullet bandeira verde: a tarifa não sofre acréscimo; \bullet bandeira amarela: a tarifa sofre acréscimo de R$ 0,015 para cada kWh consumido; \bullet bandeira vermelha — patamar 1: a tarifa sofre acréscimo de R$ 0,04 para cada kWh consumido; \bullet bandeira vermelha — patamar 2: a tarifa sofre acréscimo de R$ 0,06 para cada kWh consumido. A conta de energia elétrica em uma residência é constituída apenas por um valor correspondente à quantidade de energia elétrica consumida no período medido, multiplicada pela tarifa correspondente. O valor da tarifa em um período com uso da bandeira verde é R$ 0,42 por kWh consumido. Uma forte estiagem justificou a alteração da bandeira verde para a bandeira vermelha — patamar 2. Um usuário, cujo consumo é tarifado na bandeira verde, observa o seu consumo médio mensal. Para não afetar o seu orçamento familiar, ele pretende alterar a sua prática de uso de energia, reduzindo o seu consumo, de maneira que a sua próxima fatura tenha, no máximo, o mesmo valor da conta de energia do período em que era aplicada a bandeira verde. Qual percentual mínimo de redução de consumo esse usuário deverá praticar de forma a atingir seu objetivo?";6,0%;12,5%;14,3%;16,6%;87,5%;0
2022;138;MT;49343;C;12;0;;1.24019;1.03263;0.26809;AMARELA;1156;;0;;REAPLICACAO_PPL;ENEM_2022_P2_CAD_05_DIA_2_AMARELO.pdf;Com o intuito de fazer bombons para vender, uma doceira comprou uma barra de 2 kg de chocolate e 1 L de creme de leite. De acordo com a receita, cada bombom deverá ter exatamente 34 g de chocolate e 12 mL de creme de leite. Respeitando os critérios estabelecidos, quantos bombons a doceira poderá fazer utilizando o máximo que puder os ingredientes comprados?;5;8;58;71;83;0
2022;137;MT;63318;D;1;0;;1.62143;1.56727;0.15547;AMARELA;1156;;0;;REAPLICACAO_PPL;ENEM_2022_P2_CAD_05_DIA_2_AMARELO.pdf;"As hemácias são células sanguíneas responsáveis pelo transporte de uma substância chamada hemoglobina, a qual tem a função de levar oxigênio dos pulmões para os tecidos. Hemácias normais têm diâmetro médio de 7,8 x 10 ^{- 6} metros. GUYTON, A. C.; HALL, J. E. Tratado de fisiologia médica. Rio de Janeiro: Elsevier, 2006 (adaptado). O diâmetro médio dessas hemácias, em metros, é representado pela razão $\frac{78}{d}$ , em que d é igual a";10 000.;100 000.;1 000 000.;10 000 000.;100 000 000.;0
2023;170;MT;125959;B;23;0;;2.2547;1.1525;0.16991;AMARELA;1292;;0;;REAPLICACAO_PPL;ENEM_2023_P2_CAD_05_DIA_2_AMARELO.pdf;Duas empresas do mercado de pequenos reparos domésticos determinam o valor de seus serviços a partir de um valor fixo acrescido de um valor cobrado por hora. A empresa X cobra R$ 60,00 de valor fixo mais R$ 18,00 por hora de serviço prestado. A empresa Y cobra R$ 24,00 de valor fixo e está definindo um novo valor a ser cobrado por hora. Sua estratégia de mercado prevê que, em relação à empresa X, o custo total do serviço deve ser menor ou igual para trabalhos de até duas horas de duração. Qual é o valor máximo, em real, que a empresa Y poderá cobrar por hora de serviço prestado a fim de atender j sua estratégia de mercado?;18;36;48;54;78;0
2023;161;MT;117706;A;19;0;;2.26306;1.45121;0.23837;AMARELA;1212;;0;;REGULAR;ENEM_2023_P1_CAD_05_DIA_2_AMARELO.pdf;Dirigir após ingerir bebidas alcoólicas é uma atitude extremamente perigosa, uma vez que, a partir da primeira dose, a pessoa já começa a ter perda de sensibilidade de movimentos e de reflexos. Apesar de a eliminação e absorção do álcool depender de cada pessoa e de como o organismo consegue metabolizar a substkncia, ao final da primeira hora após a ingestão, a concentração de álcool (C) no sangue corresponde a aproximadamente 90% da quantidade (q) de álcool ingerida, e a eliminação total dessa concentração pode demorar até 12 horas. Disponível em: http://g1.globo.com. Acesso em: 1 dez. 2018 (adaptado). Nessas condições, ao final da primeira hora após a ingestão da quantidade q de álcool, a concentração C dessa substância no sangue é expressa algebricamente por;C 0,9q;C 0,1q;C 1 - 0,1q;C 1 - 0,9q;C q - 10;0
2023;173;MT;125935;E;17;0;;1.13247;0.13877;0.19155;AMARELA;1212;;0;;REGULAR;ENEM_2023_P1_CAD_05_DIA_2_AMARELO.pdf;Um supermercado conta com cinco caixas disponíveis para pagamento. Foram instaladas telas que apresentam o tempo médio gasto por cada caixa para iniciar e finalizar o atendimento de cada cliente, e o número de pessoas presentes na fila de cada caixa em tempo real. Um cliente, na hora de passar sua compra, sabendo que cada um dos cinco caixas iniciará um novo atendimento naquele momento, pretende gastar o menor tempo possível de espera na fila. Ele observa que as telas apresentavam as informações a seguir. \bullet Caixa I: atendimento 12 minutos, 5 pessoas na fila. \bullet Caixa II: atendimento 6 minutos, 9 pessoas na fila. \bullet Caixa III: atendimento 5 minutos, 6 pessoas na fila. \bullet Caixa IV: atendimento 15 minutos, 2 pessoas na fila. \bullet Caixa V: atendimento 9 minutos, 3 pessoas na fila. Para alcançar seu objetivo, o cliente deverá escolher o caixa;I.;II.;III.;IV.;V.;0
2023;171;MT;27119;D;19;0;;2.99818;0.86032;0.22079;AMARELA;1212;;0;;REGULAR;ENEM_2023_P1_CAD_05_DIA_2_AMARELO.pdf;Para concretar a laje de sua residência, uma pessoa contratou uma construtora. Tal empresa informa que o preço y do concreto bombeado é composto de duas partes: uma fixa, chamada de taxa de bombeamento, e uma variável, que depende do volume x de concreto utilizado. Sabe-se que a taxa de bombeamento custa R$ 500,00 e que o metro cúbico do concreto bombeado é de R$ 250,00. A expressão que representa o preço y em função do volume x, em metro cúbico, é;y 250x;y 500x;y 750x;y 250x   500;y 500x   250;0
2023;163;MT;86783;B;22;0;;3.58609;3.00088;0.19242;AMARELA;1212;;0;;REGULAR;ENEM_2023_P1_CAD_05_DIA_2_AMARELO.pdf;A exposição a alguns níveis sonoros pode causar lesões auditivas. Por isso, em uma indústria, são adotadas medidas preventivas de acordo com a máquina que o funcionário opera e o nível N de intensidade do som, medido em decibel (dB), a que o operário é exposto, sendo N \log ਑ࣰ^{10} - \log ਑ ^{10}, ਑ a intensidade do som e 10 10 0 ਑ $10^{- 12}$ W/m^{2}. Disponível em: www.sofisica.com.br. Acesso em: 8 jul. 2015 (adaptado). Quando o som é considerado baixo, ou seja, N = 48 dB ou menos, deve ser utilizada a medida preventiva I. No caso de o som ser moderado, quando N está no intervalo (48 dB, 55 dB), deve ser utilizada a medida preventiva II. Quando o som é moderado alto, que equivale a N no intervalo (55 dB, 80 dB), a medida preventiva a ser usada é a III. Se N estiver no intervalo (80 dB, 115 dB), quando o som é considerado alto, deve ser utilizada a medida preventiva IV. E se o som é considerado muito alto, com N maior que 115 dB, deve-se utilizar a medida preventiva V. Uma nova máquina, com ਑ 8 \times $10^{- 8}$ W/m^{2}, foi adquirida e será classificada de acordo com o nível de ruído que produz. Considere 0,3 como aproximação para \log 2. O funcionário que operará a nova máquina deverá adotar a medida preventiva;I.;II.;III.;IV.;V.;0
2023;178;MT;15451;D;24;0;;2088;1815;224;AMARELA;1292;;0;;REAPLICACAO_PPL;ENEM_2023_P2_CAD_05_DIA_2_AMARELO.pdf;Uma empresa fundada em 2005, ao longo dos anos ganhou popularidade e aumentou consideravelmente sua atuação na economia do país. Os lucros anuais e seu padrão de crescimento podem ser observados na tabela. Lucro Ano (em milhares de reais) 2005 3 2006 5 2007 9 2008 17 2009 33 ... ... Supondo que se tenha mantido o padrão observado na tabela para os 5 anos seguintes, estima-se que o lucro total dessa empresa, de 2005 a 2014, em milhar de real, foi;120.;134.;1 025.;2 056.;2 074. i;0
2023;140;MT;27330;A;18;0;;1.94836;1.9392;0.17138;AMARELA;1212;;0;;REGULAR;ENEM_2023_P1_CAD_05_DIA_2_AMARELO.pdf;A cada bimestre, a diretora de uma escola compra uma quantidade de folhas de papel ofício proporcional ao número de alunos matriculados. No bimestre passado, ela comprou 6 000 folhas para serem utilizadas pelos 1 200 alunos matriculados. Neste bimestre, alguns alunos cancelaram suas matrículas e a escola tem, agora, 1 150 alunos. A diretora só pode gastar R$ 220,00 nessa compra, e sabe que o fornecedor da escola vende as folhas de papel ofício em embalagens de 100 unidades a R$ 4,00 a embalagem. Assim, será preciso convencer o fornecedor a dar um desconto à escola, de modo que seja possível comprar a quantidade total de papel ofício necessária para o bimestre. O desconto necessário no preço final da compra, em porcentagem, pertence ao intervalo;"(5,0 ; 5,5).";"(8,0 ; 8,5).";"(11,5 ; 12,5).";"(19,5 ; 20,5).";"(3,5 ; 4,0).";0
2023;144;MT;141567;D;24;0;;1.18793;1.75696;0.15183;AMARELA;1212;;0;;REGULAR;ENEM_2023_P1_CAD_05_DIA_2_AMARELO.pdf;O gerente de uma fábrica pretende comparar a evolução das vendas de dois produtos similares (I e II). Para isso, passou a verificar o número de unidades vendidas de cada um desses produtos em cada mês. Os resultados dessa verificação, para os meses de abril a junho, são apresentados na tabela. Vendas Vendas Vendas Produto em abril em maio em junho (unidade) (unidade) (unidade) l 80 90 100 ll 190 170 150 O gerente estava decidido a cessar a produção do produto II no mês seguinte jquele em que as vendas do produto I superassem as do produto II. Suponha que a variação na quantidade de unidades vendidas dos produtos I e II se manteve, mês a mês, como no período representado na tabela. Em qual mês o produto II parou de ser produzido”;Junho.;Julho.;Agosto.;Setembro.;Outubro.;0
2023;169;MT;125969;C;30;0;;1.78452;0.74313;0.18879;AMARELA;1212;;0;;REGULAR;ENEM_2023_P1_CAD_05_DIA_2_AMARELO.pdf;"Um tipo de semente necessita de bastante água nos dois primeiros meses após o plantio. Um produtor pretende estabelecer o melhor momento para o plantio desse tipo de semente, nos meses de outubro a março. Após consultar a previsão do índice mensal de precipitação de chuva (ImPC) da região onde ocorrerá o plantio, para o período chuvoso de 2020 - 2021, ele obteve os seguintes dados: \bullet outubro/2020: ImPC = 250 mm; \bullet novembro/2020: ImPC = 150 mm; \bullet dezembro/2020: ImPC = 200 mm; \bullet janeiro/2021: ImPC = 450 mm; \bullet fevereiro/2021: ImPC = 100 mm; \bullet março/2021: ImPC = 200 mm. Com base nessas previsões, ele precisa escolher dois meses consecutivos em que a média mensal de precipitação seja a maior possível. No início de qual desses meses o produtor deverá plantar esse tipo de semente”";Outubro.;Novembro.;Dezembro.;Janeiro.;Fevereiro.;0
2023;155;MT;117633;D;5;0;;1.37105;2.55621;0.17151;AMARELA;1212;;0;;REGULAR;ENEM_2023_P1_CAD_05_DIA_2_AMARELO.pdf;Um pescador tem um custo fixo diário de R$ 900,00 com combustível, iscas, manutenção de seu barco e outras pequenas despesas. Ele vende cada quilograma de peixe por R$ 5,00. Sua meta é obter um lucro mínimo de R$ 800,00 por dia. Sozinho, ele consegue, ao final de um dia de trabalho, pescar 180 kg de peixe, o que é suficiente apenas para cobrir o custo fixo diário. Portanto, precisa contratar ajudantes, pagando para cada um R$ 250,00 por dia de trabalho. Além desse valor, 4% da receita obtida pela venda de peixe é repartida igualmente entre os ajudantes. Considerando o tamanho de seu barco, ele pode contratar até 5 ajudantes. Ele sabe que com um ajudante a pesca diária é de 300 kg e que, a partir do segundo ajudante contratado, aumenta-se em 100 kg a quantidade de peixe pescada por ajudante em um dia de trabalho. A quantidade mínima de ajudantes que esse pescador precisa contratar para conseguir o lucro diário pretendido é;1.;2.;3.;4.;5.;0
2023;151;MT;111446;B;5;0;;2.09757;1.52611;0.10674;AMARELA;1212;;0;;REGULAR;ENEM_2023_P1_CAD_05_DIA_2_AMARELO.pdf;Em janeiro do ano passado, a direção de uma fábrica abriu uma creche para os filhos de seus funcionários, com 10 salas, cada uma com capacidade para atender 10 crianças a cada ano. As vagas são sorteadas entre os filhos dos funcionários inscritos, enquanto os não contemplados pelo sorteio formam uma lista de espera. No ano passado, a lista de espera teve 400 nomes e, neste ano, esse número cresceu 10%. A direção da fábrica realizou uma pesquisa e constatou que a lista de espera para o próximo ano terá a mesma quantidade de nomes da lista de espera deste ano. Decidiu, então, construir, ao longo desse ano, novas salas para a creche, também com capacidade de atendimento para 10 crianças cada, de modo que o número de nomes na lista de espera no próximo ano seja 25% menor que o deste ano. O número mínimo de salas que deverão ser construídas é;10.;11.;13.;30.;33.;0
2023;156;MT;125977;D;23;0;;2.04085;1.27709;0.27067;AMARELA;1212;;0;;REGULAR;ENEM_2023_P1_CAD_05_DIA_2_AMARELO.pdf;Um agricultor é informado sobre um método de proteção para sua lavoura que consiste em inserir larvas específicas, de rápida reprodução. A reprodução dessas larvas faz com que sua população multiplique-se por 10 a cada 3 dias e, para evitar eventuais desequilíbrios, é possível cessar essa reprodução aplicando-se um produto X. O agricultor decide iniciar esse método com 100 larvas e dispõe de 5 litros do produto X, cuja aplicação recomendada é de exatamente 1 litro para cada população de 200 000 larvas. A quantidade total do produto X de que ele dispõe deverá ser aplicada de uma única vez. Quantos dias após iniciado esse método o agricultor deverá aplicar o produto X”;2;4;6;12;18;0
2023;158;MT;37312;D;4;0;;1.84465;0.56332;0.22289;AMARELA;1292;;0;;REAPLICACAO_PPL;ENEM_2023_P2_CAD_05_DIA_2_AMARELO.pdf;"Uma pessoa, procurando um estacionamento, encontrou cinco opções com as seguintes formas de cobrança: \bullet A: R$ 6,00 por hora ou fração de hora; \bullet B: R$ 6,00 pelas duas primeiras horas e R$ 3,00 a cada hora ou fração de hora subsequente; \bullet C: R$ 6,00 por hora ou fração de hora, com tolerkncia de 15 minutos; \bullet D: R$ 6,00 pelas duas primeiras horas e R$ 3,00 a cada hora ou fração de hora subsequente, com tolerância de 15 minutos; \bullet E: R$ 0,10 por minuto. Essa pessoa irá utilizar o estacionamento por 5 horas e 12 minutos. O estacionamento que permite a essa pessoa pagar o menor valor possível é";A.;B.;C.;D.;E.;0
2023;155;MT;14774;E;18;0;;1641;45;175;AMARELA;1292;;0;;REAPLICACAO_PPL;ENEM_2023_P2_CAD_05_DIA_2_AMARELO.pdf;Mariana não tem computador pessoal em casa e precisa fazer uma pesquisa na internet para um trabalho de escola. Então, foi até uma lan house perto de sua casa. Na porta da lan house havia esta placa: ACESSO À INTERNET R$ 0,12 POR MINUTO R$ 2,00 (TAXA DE UTILIZAÇÃO) Assim, quantos reais Mariana pagaria para ficar uma hora e meia usando a internet nessa lan house?;R$ 0,18;R$ 2,18;R$ 3,08;R$ 3,18;R$ 12,80;0
2023;153;MT;6954;C;3;0;;2416;991;118;AMARELA;1292;;0;;REAPLICACAO_PPL;ENEM_2023_P2_CAD_05_DIA_2_AMARELO.pdf;Uma pessoa comprou uma caixa com 25 bombons por 5 reais. Resolveu revendê-los de forma avulsa a um preço único. Não resistindo j tentação, durante a venda, comeu cinco bombons. Obteve, mesmo assim, com a venda dos bombons restantes, um lucro de 20% sobre o valor pago pela caixa. Qual foi o valor, em real, de venda de cada bombom?;0,2;0,24;0,3;0,35;0,4;0
2023;137;MT;125956;A;29;0;;1.21177;3.11314;0.10322;AMARELA;1292;;0;;REAPLICACAO_PPL;ENEM_2023_P2_CAD_05_DIA_2_AMARELO.pdf;"A amplitude é uma medida estatística que detecta a variabilidade dos dados de uma amostra. Ela pode ser utilizada como critério de qualidade da produção na indústria de peças, indicando, por exemplo, a necessidade do descarte de um lote defeituoso. Uma fábrica analisou cinco unidades de cada um dos cinco lotes da produção de um tipo de peça que, por projeto, devem ter comprimento igual a 10 cm. As medidas, em centímetro, dessas unidades estão distribuídas a seguir: \bullet lote I: 9,80; 10,30; 10,30; 10,30 e 10,30; \bullet lote II: 10,55; 10,58; 10,58; 10,60 e 10,60; \bullet lote III: 9,80; 9,80; 10,00; 10,00 e 10,20; \bullet lote IV: 9,90; 9,90; 9,90; 10,20 e 10,20; \bullet lote V: 9,30; 9,30; 9,50; 9,50 e 9,50. Foi determinado o descarte do lote que apresentasse a maior amplitude. De acordo com o critério adotado, a fábrica descartará o lote";I.;II.;III.;IV.;V.;0
2023;172;MT;117730;A;30;0;;2.16697;2.85932;0.07989;AMARELA;1292;;0;;REAPLICACAO_PPL;ENEM_2023_P2_CAD_05_DIA_2_AMARELO.pdf;Após uma reforma, um clube decide comprar duchas para serem instaladas no vestiário. O tipo de ducha escolhida, segundo o fabricante, tem probabilidade igual a $\frac{1}{10}$ de apresentar funcionamento irregular. O administrador do clube planeja adquirir uma certa quantidade dessas duchas, de forma que a probabilidade de que pelo menos uma das duchas adquiridas apresente funcionamento regular seja igual a, no mínimo, $\frac{99}{100}$ . A quantidade mínima de duchas que deverá ser adquirida para atender ao planejamento desse administrador é;2.;8.;9.;10.;11.;0
2023;160;MT;37441;D;22;0;;3.01304;2.67185;0.08455;AMARELA;1212;;0;;REGULAR;ENEM_2023_P1_CAD_05_DIA_2_AMARELO.pdf;Analisando as vendas de uma empresa, o gerente concluiu que o montante diário arrecadado, em milhar de real, poderia ser calculado pela expressão V (x) = \frac{x^{2}}{4} -10x +105, em que os valores de x representam os dias do mês, variando de 1 a 30. Um dos fatores para avaliar o desempenho mensal da empresa é verificar qual é o menor montante diário V arrecadado ao longo do mês e classificar o desempenho conforme as categorias apresentadas a seguir, em que as quantidades estão expressas em milhar de real. \bullet Ótimo: V t 24 \bullet Bom: 20 δ V - 24 \bullet Normal: 10 δ V - 20 \bullet Ruim: 4 δ V - 10 \bullet Péssimo: V - 4 No caso analisado, qual seria a classificação do desempenho da empresa”;Ótimo.;Bom.;Normal.;Ruim.;Péssimo.;0
2023;158;MT;24523;A;28;0;;2.68656;2.50464;0.12713;AMARELA;1212;;0;;REGULAR;ENEM_2023_P1_CAD_05_DIA_2_AMARELO.pdf;Em um colégio público, a admissão no primeiro ano se dá por sorteio. Neste ano há 55 candidatos, cujas inscrições são numeradas de 01 a 55. O sorteio de cada número de inscrição será realizado em etapas, utilizando-se duas urnas. Da primeira urna será sorteada uma bola, dentre bolas numeradas de 0 a 9, que representará o algarismo das unidades do número de inscrição a ser sorteado e, em seguida, da segunda urna, será sorteada uma bola para representar o algarismo das dezenas desse número. Depois do primeiro sorteio, e antes de se sortear o algarismo das dezenas, as bolas que estarão presentes na segunda urna serão apenas aquelas cujos números formam, com o algarismo já sorteado, um número de 01 a 55. As probabilidades de os candidatos de inscrição número 50 e 02 serem sorteados são, respectivamente,;$\frac{1}{50} e \frac{1}{60}$;$\frac{1}{50} e \frac{1}{50}$;$\frac{1}{50} e \frac{1}{10}$;$\frac{1}{55} e \frac{1}{54}$;$\frac{1}{100} e \frac{1}{100}$;0
2023;150;MT;14661;C;11;0;;2.1714;0.98005;0.19773;AMARELA;1292;;0;;REAPLICACAO_PPL;ENEM_2023_P2_CAD_05_DIA_2_AMARELO.pdf;Um estudante de arquitetura projetou um prédio de 32 m de altura a ser construído em uma maquete, em papel-cartão, na escala 1 : 50. Nesse caso, na maquete, a altura do prédio mede;0,32 m.;0,50 m.;0,64 m.;1,00 m.;1,32 m.;0
2023;141;MT;117601;E;10;0;;3.53513;2.27283;0.14674;AMARELA;1292;;0;;REAPLICACAO_PPL;ENEM_2023_P2_CAD_05_DIA_2_AMARELO.pdf;Em radiometria, a potência radiante emitida por uma fonte de radiação é diretamente proporcional j quantidade de energia, em joule (J), irradiada pela fonte, e inversamente proporcional ao intervalo de tempo, em segundo (s), que a fonte necessita para emitir essa energia. Por meio de sensores adequados, localizados em diferentes distâncias da fonte, medidas em metro (m), é possível medir a potência radiante por unidade de área que chega jquela posição. A expressão que representa a unidade de medida para a grandeza potência radiante por unidade de área é;$J \cdot s \cdot m^{2}$;$J \cdot s \cdot m$;$\frac{J}{s\cdotm}$;$\frac{J}{s} \cdotm^{2}$;$\frac{J}{s\cdotm^{2}}$;0
2023;174;MT;87686;E;29;0;;1.94508;1.67467;0.08764;AMARELA;1292;;0;;REAPLICACAO_PPL;ENEM_2023_P2_CAD_05_DIA_2_AMARELO.pdf;"A nota final de um estudante em uma disciplina é dada pela mediana das notas de suas quatro provas. Cinco estudantes dessa disciplina obtiveram as notas apresentadas no quadro. Estudante Prova 1 Prova 2 Prova 3 Prova 4 I 85 45 90 45 II 80 70 70 75 III 75 75 75 55 IV 85 35 35 90 V 60 70 70 75 O professor dessa disciplina pediu a cada estudante que calculasse sua nota final e lhe apresentasse o resultado obtido. Os resultados informados pelos estudantes foram: \bullet estudante I: 77; \bullet estudante II: 70; \bullet estudante III: 70; \bullet estudante IV: 60; \bullet estudante V: 70. Qual(is) estudante(s) acertou(aram) sua nota final”";I;III;II e III;II e V;IV e V;0
2023;150;MT;117634;A;14;0;;3.29744;2.42208;0.14073;AMARELA;1212;;0;;REGULAR;ENEM_2023_P1_CAD_05_DIA_2_AMARELO.pdf;A água utilizada pelos 75 moradores de um vilarejo provém de um reservatório de formato cilíndrico circular reto cujo raio da base mede 5 metros, sempre abastecido no primeiro dia de cada mês por caminhões-pipa. Cada morador desse vilarejo consome, em média, 200 litros de água por dia. No mês de junho de um determinado ano, o vilarejo festejou o dia do seu padroeiro e houve um gasto extra de água nos primeiros 20 dias. Passado esse período, as pessoas verificaram a quantidade de água presente no reservatório e constataram que o nível da coluna de água estava em 1,5 metro. Decidiram, então, fazer um racionamento de água durante os 10 dias seguintes. Considere 3 como aproximação para \pi. Qual é a quantidade mínima de água, em litro, que cada morador, em média, deverá economizar por dia, de modo que o reservatório não fique sem água nos próximos 10 dias”;50;60;80;140;150;0
2023;162;MT;53181;B;26;0;;2.23246;0.40894;0.15192;AMARELA;1292;;0;;REAPLICACAO_PPL;ENEM_2023_P2_CAD_05_DIA_2_AMARELO.pdf;Uma pessoa foi a um supermercado comprar uma caixa de sabão em pó. Lá encontrou várias marcas desse produto, disponibilizado em embalagens com diferentes capacidades e preços. No quadro são fornecidos o preço, em real, e o conteúdo, em quilograma, das embalagens de cinco diferentes marcas de sabão em pó que estão j venda nesse supermercado. Preço por Conteúdo da Marca embalagem (R$) embalagem (kg) I 18,00 3,0 II 10,00 2,5 III 8,00 0,5 IV 7,00 1,0 V 34,00 2,0 A marca cuja embalagem oferece o menor preço, em real, por quilograma de sabão em pó é;I.;II.;III.;IV.;V.;0
2023;160;MT;44285;E;8;0;;2.94723;2.87386;0.06733;AMARELA;1292;;0;;REAPLICACAO_PPL;ENEM_2023_P2_CAD_05_DIA_2_AMARELO.pdf;Em uma sala escura há um ponto luminoso, a mais de 3 metros de distância de uma parede, e um disco pendurado, paralelo à parede, entre ela e o ponto luminoso. O disco encontra-se a 1 metro de distkncia do ponto luminoso, projetando uma sombra S , em formato de círculo, na parede. Esse disco é afastado mais 2 m do ponto luminoso, em direção j sombra e sem encostar na parede, projetando outra sombra S , também no formato de um círculo. Sejam A a área de S e A a área de S . 1 1 2 2 $O valor de \frac{A_{1}}{A_{2}} é$;1.;2.;3.;4.;9.;0
2023;136;MT;16795;D;16;0;;1.05676;1.98507;0.08392;AMARELA;1212;;0;;REGULAR;ENEM_2023_P1_CAD_05_DIA_2_AMARELO.pdf;Alguns estudos comprovam que os carboidratos fornecem energia ao corpo, preservam as proteínas estruturais dos músculos durante a prática de atividade física e ainda dão força para o cérebro coordenar os movimentos, o que de fato tem impacto positivo no desenvolvimento do praticante. O ideal é consumir 1 grama de carboidrato para cada minuto de caminhada. CIRINO, C. Boa pergunta: consumir carboidratos antes dos exercícios melhora o desempenho do atleta” Revista Saúde! É Vital, n. 330, nov. 2010 (adaptado). Um casal realizará diariamente 30 minutos de caminhada, ingerindo, antes dessa atividade, a quantidade ideal de carboidratos recomendada. Para ter o consumo ideal apenas por meio do consumo de pão de fôrma integral, o casal planeja garantir o suprimento de pães para um período de 30 dias ininterruptos. Sabe-se que cada pacote desse pão vem com 18 fatias, e que cada uma delas tem 15 gramas de carboidratos. A quantidade mínima de pacotes de pão de fôrma necessários para prover o suprimento a esse casal é;1.;4.;6.;7.;8.;0
2023;143;MT;125933;B;10;0;;2.60187;2.11188;0.26394;AMARELA;1212;;0;;REGULAR;ENEM_2023_P1_CAD_05_DIA_2_AMARELO.pdf;Entre maratonistas, um parâmetro utilizado é o de economia de corrida (EC). O valor desse parâmetro é calculado pela razão entre o consumo de oxigênio, em mililitro (mL) por minuto (min), e a massa, em quilograma (kg), do atleta correndo a uma velocidade constante. Disponível em: www.treinamentoonline.com.br. Acesso em: 23 out. 2019 (adaptado). Um maratonista, visando melhorar sua performance, auxiliado por um médico, mensura o seu consumo de oxigênio por minuto a velocidade constante. Com base nesse consumo e na massa do atleta, o médico calcula o EC do atleta. A unidade de medida da grandeza descrita pelo parâmetro EC é;$\frac{min}{mL\cdotkg}$;$\frac{mL}{min\cdotkg}$;$\frac{min\cdotmL}{kg}$;$\frac{min\cdotkg}{mL}$;$\frac{mL\cdotkg}{min}$;0
2023;164;MT;117727;A;11;0;;2.49104;3.01094;0.08231;AMARELA;1292;;0;;REAPLICACAO_PPL;ENEM_2023_P2_CAD_05_DIA_2_AMARELO.pdf;Um professor de matemática desenvolveu uma atividade educacional relacionada aos Jogos Olímpicos e confeccionou uma maquete que representa uma piscina nas dimensões olímpicas. Admitiu que a piscina olímpica deve ter capacidade mínima de 2 500 000 litros e construiu sua maquete, referente a esse valor mínimo, na forma de paralelepípedo reto retângulo com dimensões internas 2 cm, 25 cm e 50 cm, cujo volume é 2 500 cm^{3}. Considere que 1 L = 10^{3 }cm^{3}. A maquete confeccionada pelo professor foi elaborada na escala;1 : 100.;1 : 1 000.;1 : 2 000.;1 : 50 000.;1 : 1 000 000.;0
2023;166;MT;141582;C;30;0;;1.46956;2.91942;0.24283;AMARELA;1212;;0;;REGULAR;ENEM_2023_P1_CAD_05_DIA_2_AMARELO.pdf;Visando atrair mais clientes, o gerente de uma loja anunciou uma promoção em que cada cliente que realizar uma compra pode ganhar um voucher para ser usado em sua próxima compra. Para ganhar seu voucher, o cliente precisa retirar, ao acaso, uma bolinha de dentro de cada uma das duas urnas A e B disponibilizadas pelo gerente, nas quais há apenas bolinhas pretas e brancas. Atualmente, a probabilidade de se escolher, ao acaso, uma bolinha preta na urna A é igual a 20% e a probabilidade de se escolher uma bolinha preta na urna B é 25%. Ganha o voucher o cliente que retirar duas bolinhas pretas, uma de cada urna. Com o passar dos dias, o gerente percebeu que, para a promoção ser viável aos negócios, era preciso alterar a probabilidade de acerto do cliente sem alterar a regra da promoção. Para isso, resolveu alterar a quantidade de bolinhas brancas na urna B de forma que a probabilidade de um cliente ganhar o voucher passasse a ser menor ou igual a 1%. Sabe-se que a urna B tem 4 bolinhas pretas e que, em ambas as urnas, todas as bolinhas têm a mesma probabilidade de serem retiradas. Qual é o número mínimo de bolinhas brancas que o gerente deve adicionar j urna B”;20;60;64;68;80;0
2023;149;MT;14994;E;28;0;;2.70307;1.3682;0.16099;AMARELA;1212;;0;;REGULAR;ENEM_2023_P1_CAD_05_DIA_2_AMARELO.pdf;"No alojamento de uma universidade, há alguns quartos com o padrão superior ao dos demais. Um desses quartos ficou disponível, e muitos estudantes se candidataram para morar no local. Para escolher quem ficará com o quarto, um sorteio será realizado. Para esse sorteio, cartões individuais com os nomes de todos os estudantes inscritos serão depositados em uma urna, sendo que, para cada estudante de primeiro ano, será depositado um único cartão com seu nome; para cada estudante de segundo ano, dois cartões com seu nome; e, para cada estudante de terceiro ano, três cartões com seu nome. Foram inscritos 200 estudantes de primeiro ano, 150 de segundo ano e 100 de terceiro ano. Todos os cartões têm a mesma probabilidade de serem sorteados. Qual a probabilidade de o vencedor do sorteio ser um estudante de terceiro ano”";$\frac{1}{2}$;$\frac{1}{3}$;$\frac{1}{8}$;$\frac{2}{9}$;$\frac{3}{8}$;0
2023;141;MT;84857;C;3;0;;2.39559;1.53865;0.11866;AMARELA;1212;;0;;REGULAR;ENEM_2023_P1_CAD_05_DIA_2_AMARELO.pdf;O calendário maia apresenta duas contagens simultkneas de anos, o chamado ano Tzolkim, composto por 260 dias e que determinava o calendário religioso, e o ano Haab, composto por 365 dias e que determinava o calendário agrícola. Um historiador encontrou evidências de que gerações de uma mesma família governaram certa comunidade maia pelo período de 20 ciclos, sendo cada ciclo formado por 52 anos Haab. Disponível em: www.suapesquisa.com. Acesso em: 20 ago. 2014. De acordo com as informações fornecidas, durante quantos anos Tzolkim aquela comunidade maia foi governada por tal família”;741;1 040;1 460;2 100;5 200;0
2023;165;MT;31650;C;27;0;;3.33563;1.08025;0.20912;AMARELA;1212;;0;;REGULAR;ENEM_2023_P1_CAD_05_DIA_2_AMARELO.pdf;Os 100 funcionários de uma empresa estão distribuídos em dois setores: Produção e Administração. Os funcionários de um mesmo setor recebem salários com valores iguais. O quadro apresenta a quantidade de funcionários por setor e seus respectivos salários. Quantidade de Salário Setor funcionários (em real) Produção 75 2 000,00 Administração 25 7 000,00 A média dos salários dos 100 funcionários dessa empresa, em real, é;2 000,00.;2 500,00.;3 250,00.;4 500,00.;9 000,00.;0
2023;144;MT;81329;D;19;0;;2.97925;1.78747;0.19488;AMARELA;1292;;0;;REAPLICACAO_PPL;ENEM_2023_P2_CAD_05_DIA_2_AMARELO.pdf;Um tipo de célula se reproduz constantemente por divisão celular, triplicando sua quantidade a cada duas horas, sob condições ideais de proliferação. Suponha uma quantidade inicial Q dessas células sob as condições ideais de proliferação durante um certo período. Qual a representação algébrica da quantidade Q dessas células em função do tempo t, em hora, nesse período?;$Q(t) = Q \cdot 3^{t}$;Q(t) = Q \cdot 3^{2 t} $\frac{t}{3}$;Q(t) = Q \cdot 2 $\frac{t}{2}$;Q(t) = Q \cdot 3 $\frac{t}{2}-1$;$Q(t) = Q \cdot 3$;0
2023;180;MT;85504;B;21;0;;2.21375;1.82985;0.15414;AMARELA;1212;;0;;REGULAR;ENEM_2023_P1_CAD_05_DIA_2_AMARELO.pdf;O metrô de um município oferece dois tipos de tíquetes com colorações diferentes, azul e vermelha, sendo vendidos em cartelas, cada qual com nove tíquetes da mesma cor e mesmo valor unitário. Duas cartelas de tíquetes azuis e uma cartela de tíquetes vermelhos são vendidas por R$ 32,40. Sabe-se que o preço de um tíquete azul menos o preço de um tíquete vermelho é igual ao preço de um tíquete vermelho mais cinco centavos. Qual o preço, em real, de uma cartela de tíquetes vermelhos”;4,68;6,3;9,3;10,5;10,65;0
2023;157;MT;141540;A;29;0;;2.11162;2.38012;0.17296;AMARELA;1212;;0;;REGULAR;ENEM_2023_P1_CAD_05_DIA_2_AMARELO.pdf;"Ao realizar o cadastro em um aplicativo de investimentos, foi solicitado ao usuário que criasse uma senha, sendo permitido o uso somente dos seguintes caracteres: \bullet algarismos de 0 a 9; \bullet 26 letras minúsculas do alfabeto; \bullet 26 letras maiúsculas do alfabeto; \bullet 6 caracteres especiais !, @, #, $, , &. Três tipos de estruturas para senha foram apresentadas ao usuário: \bullet tipo I: formada por quaisquer quatro caracteres distintos, escolhidos dentre os permitidos; \bullet tipo II: formada por cinco caracteres distintos, iniciando por três letras, seguidas por um algarismo e, ao final, um caractere especial; \bullet tipo III: formada por seis caracteres distintos, iniciando por duas letras, seguidas por dois algarismos e, ao final, dois caracteres especiais. Considere p , p e p as probabilidades de se 1 2 3 descobrirem ao acaso, na primeira tentativa, as senhas dos tipos I, II e III, respectivamente. Nessas condições, o tipo de senha que apresenta a menor probabilidade de ser descoberta ao acaso, na primeira tentativa, é o";tipo I, pois p - p - p . 1 2 3;tipo I, pois tem menor quantidade de caracteres.;tipo II, pois tem maior quantidade de letras.;tipo III, pois p - p - p . 3 2 1;tipo III, pois tem maior quantidade de caracteres.;0
2023;165;MT;53460;C;26;0;;2.93674;0.49751;0.15129;AMARELA;1292;;0;;REAPLICACAO_PPL;ENEM_2023_P2_CAD_05_DIA_2_AMARELO.pdf;Uma imobiliária pôs cinco apartamentos à venda em cinco prédios diferentes de uma cidade brasileira. O quadro apresenta o preço e a área de cada um desses imóveis. Preço Apartamento Área (m ) (milhares de reais) I 80 350 II 90 450 III 120 480 IV 130 580 V 135 620 Um investidor decidiu comprar o apartamento com o menor preço por metro quadrado dentre os cinco apresentados. Ele deverá comprar o apartamento;I.;II.;III.;IV.;V.;0
2023;180;MT;126030;D;18;0;;3.85903;2.30004;0.32314;AMARELA;1292;;0;;REAPLICACAO_PPL;ENEM_2023_P2_CAD_05_DIA_2_AMARELO.pdf;Uma câmara de resfriamento de um laboratório tem um dispositivo que, ao ser ajustado, alterará a temperatura, em grau Celsius, de um líquido ao final de cada minuto. Nessa câmara, existem dois visores, o primeiro indicando o quanto a temperatura do líquido deve ser diminuída ao final de cada minuto, e o segundo indicando a temperatura do líquido na câmara naquele instante. Foi iniciado um teste nessa câmara quando um líquido, à temperatura de 30 ^\circC, foi colocado em seu interior. Ela estava programada no primeiro visor em 1,4 ^\circC. No final de 5 minutos, foi alterada a temperatura, e o valor da mudança que aparecia no primeiro visor foi diminuído em 0,5 ^3C. Ao final de 15 minutos do início do teste, a temperatura registrada no primeiro visor foi aumentada em 0,3 ^\circC em relação j última marcação. Um dos objetivos desse teste é que, ao final de 30 minutos, a temperatura do líquido seja de 0 ^\circC. Assim, após 25 minutos relativamente ao início do teste, novo ajuste deve ser feito na numeração do primeiro visor. Que alteração deverá ser feita na numeração do primeiro visor ao final de 25 minutos do início do teste”;$Aumentar 4,0 ^\circC$;$Aumentar 3,0 ^\circC$;$Aumentar 1,0 ^\circC$;$Diminuir 0,8 ^\circC$;$Diminuir 3,0 ^\circC$;0
2023;159;MT;81743;D;2;0;;1.72431;0.7783;0.18886;AMARELA;1212;;0;;REGULAR;ENEM_2023_P1_CAD_05_DIA_2_AMARELO.pdf;O esquema mostra como a intensidade luminosa decresce com o aumento da profundidade em um rio, sendo L a intensidade na sua superfície. Profundidade Intensidade luminosa 0 m L $1 m \frac{2}{3} L_{0}$ $2 m \frac{4}{9} L_{0}$ $3 m \frac{8}{27}L_{0}$ Considere que a intensidade luminosa diminui, a cada metro acrescido na profundidade, segundo o mesmo padrão do esquema. A intensidade luminosa correspondente à profundidade de 6 m é igual a;$\frac{1}{9}L_{  0}$;$\frac{16}{27}L_{  0}$;$\frac{32}{243}L_{  0}$;$\frac{64}{729}L_{  0}$;$\frac{128}{2187}L_{  0}$;0
2024;150;MT;96636;C;21;0;;3.58253;2.29438;0.31171;AMARELA;1408;;0;;REGULAR;ENEM_2024_P1_CAD_05_DIA_2_AMARELO.pdf;Em uma região com grande incidência de terremotos, observou-se que dois terremotos ocorridos apresentaram magnitudes $M_{1}$ e $M_{2}$, medidos segundo a escala Richter, e liberaram energias iguais a $E_{1}$ e $E_{2}$, respectivamente. Entre os estudiosos do assunto, é conhecida uma expressão algébrica relacionando esses valores dada por $M_{2} - M_{1} = \frac{2}{3}\log(\frac{E_{2}}{E_{1}})$ Estudos mais abrangentes observaram que o primeiro terremoto apresentou a magnitude $M_{1}$ = 6,9 e a energia liberada foi um décimo da observada no segundo terremoto. O valor aproximado da magnitude $M_{2}$ do segundo terremoto, expresso com uma casa decimal, é igual a;5,4.;6,2.;7,6.;8,2.;8,4.;0
2024;152;MT;16874;C;21;0;;2.59004;2.41256;0.20225;AZUL;1363;;0;;REAPLICACAO_PPL;ENEM_2024_P2_CAD_07_DIA_2_AZUL.pdf;A pressão sonora (P), medida em newton por metro quadrado (N/m^2), e o nível dessa pressão sonora (n), medido em decibel (dB), se relacionam mediante a expressão $n = 20 \log(\frac{P}{P_{0}}),$ sendo $P_{0}$ = 2 \times $10^{–5}$ N/m^{2} uma constante, denominada limiar de percepção do ouvido humano. Durante uma fiscalização, foi medido, por um decibelímetro, que o ruído proveniente de um carro, com seu som automotivo ligado, atingiu um nível de pressão sonora de 80 dB. A pressão sonora, em newton por metro quadrado, proveniente desse ruído foi igual a;$8 \times 10^{− 5}$;$5 \times 10^{− 2}$;$2 \times 10^{− 1}$;$1 \times 10^{3}$;$2 \times 10^{9}$;0
2024;155;MT;96632;D;28;0;;1.70031;1.02545;0.21971;AZUL;1363;;0;;REAPLICACAO_PPL;ENEM_2024_P2_CAD_07_DIA_2_AZUL.pdf;Uma empresa com 425 funcionários resolve sortear, numa festa comemorativa, uma bicicleta entre os funcionários que têm filhos. Dos seus 425 funcionários, 68 não têm filhos, 153 têm um filho, 119 têm dois filhos e o restante tem mais de dois filhos. Cartões, com um único número impresso, serão distribuídos a funcionários que têm, pelo menos, um filho. Cada funcionário receberá, no máximo, um desses cartões. A probabilidade de a bicicleta ser sorteada para um funcionário que tenha exatamente dois filhos é;$\frac{357}{425}$;$\frac{238}{425}$;$\frac{119}{425}$;$\frac{119}{357}$;$\frac{1}{119}$;0
2024;157;MT;7685;D;8;0;;2.26176;1.33672;0.2149;AZUL;1363;;0;;REAPLICACAO_PPL;ENEM_2024_P2_CAD_07_DIA_2_AZUL.pdf;Uma fábrica de produtos químicos utiliza, para armazenar a sua produção, recipientes na forma de cilindros circulares retos, com 1 metro de altura e raio externo da base igual a 25 cm. Para facilitar o transporte desse tipo de recipiente, cada um deles será colocado dentro de uma caixa, na forma de paralelepípedo retangular reto de base quadrada, e com a mesma altura do cilindro. A empresa deseja construir a menor caixa possível em que possa colocar cada cilindro. De acordo com o texto, a medida interna do lado da base da caixa, em centímetro, a ser construída será igual a;25.;35.;39.;50.;157.;0
2024;158;MT;117615;B;23;0;;2.02503;1.88946;0.19048;AZUL;1363;;0;;REAPLICACAO_PPL;ENEM_2024_P2_CAD_07_DIA_2_AZUL.pdf;"No Brasil, o valor mensal pago na conta de energia elétrica pode ser calculado pela fórmula: [consumo de energia (kWh) \times valor da tarifa (R$/kWh)] + Cosip, sendo Cosip a Contribuição ao Sistema de Iluminação Pública, cujo valor é definido pelo município. Em um estado brasileiro que utiliza essa forma de cálculo da conta de energia elétrica, o valor da tarifa é estipulado conforme as seguintes faixas de consumo: \bullet até 100 kWh: R$ 0,90 por kWh; \bullet de 101 a 200 kWh: R$ 0,90 para os 100 primeiros kWh e R$ 1,00 por kWh consumido a partir daí; \bullet acima de 200 kWh: R$ 0,90 para os 100 primeiros kWh consumidos; R$ 1,00 por kWh para os 100 kWh seguintes e R$ 1,20 por kWh consumido a partir daí. Uma pessoa desse estado percebe que já consumiu 180 kWh no mês atual e sabe que, em seu município, é cobrada uma Cosip (única) no valor de R$ 10,00 para consumo de até 200 kWh ou de R$ 12,00 para consumo superior a 200 kWh. Para que a conta do mês atual não ultrapasse R$ 220,00, ela decide estabelecer como meta um limite de consumo a partir daquele momento até o final do ciclo de faturamento. O limite de consumo, em kWh, que a pessoa deverá estabelecer para atingir sua meta é";30.;35.;40.;42.;50.;0
2024;158;MT;117747;C;10;0;;2.46593;1.78408;0.21541;AMARELA;1408;;0;;REGULAR;ENEM_2024_P1_CAD_05_DIA_2_AMARELO.pdf;Uma tubulação despeja sempre o mesmo volume de água por unidade de tempo em uma caixa-d’água, o que significa dizer que a vazão de água nessa tubulação é constante. Na junção dessa tubulação com a caixa-d’água, está instalada uma membrana de filtragem cujo objetivo é filtrar eventuais impurezas presentes na água, combinado a um bom fluxo de água. O fluxo (φ) de água através da superfície da membrana é diretamente proporcional à vazão de água na tubulação, medida em mililitro por segundo, e inversamente proporcional à área da superfície da membrana, medida em centímetro quadrado. A unidade de medida adequada para descrever o fluxo (φ) de água que atravessa a superfície da membrana é;$mL \cdots\cdotcm^{2}$;$\frac{mL}{s} \cdotcm^{2}$;$\frac{mL}{cm^{2}s} \cdot$;$\frac{cm^{2}s}{mL}$;$\frac{cm^{2}}{mL \cdots}$;0
2024;159;MT;81442;B;4;0;;1.70701;1.34875;0.15396;AZUL;1363;;0;;REAPLICACAO_PPL;ENEM_2024_P2_CAD_07_DIA_2_AZUL.pdf;"Após um período de seca e baixa nos níveis dos reservatórios de água, pesquisadores registraram, num certo período, os seguintes volumes de chuva e quantidades de dias de precipitação em cinco reservatórios: \bullet I: 350 mm em 29 dias; \bullet II: 382 mm em 30 dias; \bullet III: 390 mm em 31 dias; \bullet IV: 389 mm em 33 dias; \bullet V: 338 mm em 29 dias. Um dos parâmetros utilizados nessa pesquisa é a razão entre o volume de chuva, em milímetro, e a quantidade de dias de precipitação em cada reservatório, nessa ordem. A maior razão se verifica com os dados do reservatório";I.;II.;III.;IV.;V.;0
2024;160;MT;125993;C;23;0;;2.78314;1.11704;0.11259;AMARELA;1408;;0;;REGULAR;ENEM_2024_P1_CAD_05_DIA_2_AMARELO.pdf;Uma doceira vende e entrega, em seu bairro, porções de 100 g de docinhos de aniversário. Atualmente, a taxa única de entrega é R$ 10,00, e o valor cobrado por uma porção é R$ 25,00. Por uma estratégia de vendas, a partir da próxima semana, a taxa única de entrega será R$ 15,00, e um novo valor será cobrado por uma porção, de maneira que o valor total a ser pago por um cliente na compra de 5 porções permaneça o mesmo. A partir da próxima semana, qual será o novo valor cobrado, em real, por uma porção?;12,5;20;24;30;37,5;0
2024;139;MT;60335;E;2;0;;3.12311;2.42519;0.11331;AMARELA;1408;;0;;REGULAR;ENEM_2024_P1_CAD_05_DIA_2_AMARELO.pdf;Um hospital tem 7 médicos cardiologistas e 6 médicos neurologistas em seu quadro de funcionários. Para executar determinada atividade, a direção desse hospital formará uma equipe com 5 médicos, sendo, pelo menos, 3 cardiologistas. A expressão numérica que representa o número máximo de maneiras distintas de formar essa equipe é;$\frac{7!}{4!} \times \frac{6!}{4!}$;$\frac{7!}{3!\times4!} \times \frac{6!}{2!\times4!}$;$\frac{7!}{3!4!} + \frac{6!}{2!4!} + \frac{5!}{1!4!} ( ) ( ) ( )$;$(\frac{7!}{3!4!} + \frac{6!}{2!4!}) -(\frac{7!}{4!3!} + \frac{6!}{1!5!}) -(\frac{7!}{5!2!} + \frac{6!}{0!6!}) ( ) ( ) ( ) ( ) ( ) ( )$;$(\frac{7!}{3!4!} \frac{6!}{2!4!}) + (\frac{7!}{4!3!} \frac{6!}{1!5!}) + (\frac{7!}{5!2!} \frac{6!}{0!6!}) ( ) ( ) ( )$;0
2024;139;MT;67681;A;1;0;;2.25936;0.86844;0.2292;AZUL;1363;;0;;REAPLICACAO_PPL;ENEM_2024_P2_CAD_07_DIA_2_AZUL.pdf;O Relâmpago de Catatumbo é um fenômeno natural que gera muitas tempestades elétricas no estado de Zulia, Venezuela, por registrar a maior concentração de relâmpagos do mundo. De acordo com a estatal Agência Venezuelana de Notícias, chegou-se a registrar, em um único ano, um milhão, cento e setenta e seis relâmpagos. Disponível em: http://g1.globo.com. Acesso em: 31 mar. 2014 (adaptado). A representação numérica dessa quantidade de relâmpagos é;1 000 176.;1 176 000.;100 000 176.;176 000 000.;1 000 000 176.;0
2024;140;MT;39880;D;3;0;;1.73929;1.76867;0.18629;AZUL;1363;;0;;REAPLICACAO_PPL;ENEM_2024_P2_CAD_07_DIA_2_AZUL.pdf;"Num dia de promoção, um supermercado propõe dar desconto em um produto e, mantendo fixo o preço da unidade, apresenta ao consumidor as seguintes propostas: \bullet opção 1: pague 8 e leve 9 unidades; \bullet opção 2: leve 8 e pague 7 unidades. Um consumidor quer escolher a opção que lhe oferecerá o maior desconto percentual. A opção que oferece o maior desconto, e o percentual desse desconto é";opção 1, com 8,88% de desconto.;opção 1, com 11,11% de desconto.;opção 1, com 12,50% de desconto.;opção 2, com 12,50% de desconto.;opção 2, com 14,28% de desconto.;0
2024;141;MT;39631;E;19;0;;2.90615;1.73585;0.09467;AMARELA;1408;;0;;REGULAR;ENEM_2024_P1_CAD_05_DIA_2_AMARELO.pdf;A densidade demográfica de uma região é definida como sendo a razão entre o número de habitantes dessa região e sua área, expressa na unidade habitantes por quilômetro quadrado. Uma região R é subdividida em várias outras, sendo uma delas a região Q. A área de Q é igual a três quartos da área de R, e o número de habitantes de Q é igual à metade do número de habitantes de R. As densidades demográficas correspondentes a essas regiões são denotadas por d(Q) e d(R). A expressão que relaciona d(Q) e d(R) é;$d (Q) = \frac{1}{4}d (R)$;$d (Q) = \frac{1}{2}d (R)$;$d (Q) = \frac{3}{4}d (R)$;$d (Q) = \frac{3}{2}d (R)$;$d (Q) = \frac{2}{3}d (R)$;0
2024;141;MT;126034;E;18;0;;2.15211;1.80485;0.13117;AZUL;1363;;0;;REAPLICACAO_PPL;ENEM_2024_P2_CAD_07_DIA_2_AZUL.pdf;Para reforçar sua renda familiar, uma pessoa inaugurou um estabelecimento que vende refrigerantes. Ela adquiriu um tipo de refrigerante para revenda no primeiro mês de funcionamento do estabelecimento. Foram compradas 20 caixas desse refrigerante, pagando R$ 18,00 a caixa, com 12 latas cada. Ao final desse mês, obteve R$ 600,00 de lucro com a venda de todas as latas. No segundo mês, ela compra a mesma quantidade de latas de refrigerante comprada no primeiro mês, pelo mesmo preço, e decide aumentar o preço de venda de cada lata de refrigerante, de modo a aumentar o seu lucro em R$ 360,00 em relação ao lucro do mês anterior. Qual será o novo preço de venda, em real, de cada lata de refrigerante?;1,5;2,4;3;4;5,5;0
2024;137;MT;117745;A;29;0;;1.78653;0.83974;0.15945;AZUL;1363;;0;;REAPLICACAO_PPL;ENEM_2024_P2_CAD_07_DIA_2_AZUL.pdf;"Os integrantes de uma banda de rock realizaram um processo seletivo para contratar um novo vocalista. Foram pré-selecionados cinco cantores para a realização de três testes. As frequências, medidas em hertz, alcançadas nesses testes, por cada cantor foram: \bullet I: 380; 410; 470. \bullet II: 330; 350; 490. \bullet III: 420; 420; 390. \bullet IV: 407; 410; 404. \bullet V: 310; 380; 480. Os integrantes da banda decidiram selecionar o cantor que apresentou a maior frequência média nos três testes. O cantor selecionado foi o";I.;II.;III.;IV.;V.;0
2024;138;MT;111695;B;14;0;;2.46809;3.26728;0.24774;AZUL;1363;;0;;REAPLICACAO_PPL;ENEM_2024_P2_CAD_07_DIA_2_AZUL.pdf;A capacidade de refrigeração de um condicionador de ar é medida na unidade BTUh. O cálculo de quantos BTUh são necessários para a refrigeração adequada de um ambiente depende de vários fatores. Em um ambiente fechado de altura padrão, com uma única pessoa, cada metro quadrado de área do piso demanda 600 BTUh de capacidade do condicionador de ar e, para cada pessoa a mais nesse ambiente, exige-se mais 600 BTUh. Além disso, cada aparelho eletrônico ligado (excluindo-se o condicionador de ar) demanda mais 600 BTUh. Disponível em: www.webarcondicionado.com.br. Acesso em: 24 nov. 2021 (adaptado). Em uma sala retangular fechada de 6 metros de comprimento, 4 metros de largura e altura padrão, 5 pessoas trabalham simultaneamente em 5 computadores ligados, e há um condicionador de ar de 24 600 BTUh. Um projeto prevê a contratação de novos funcionários e a instalação de novos computadores. Cada funcionário terá acesso a um único computador, e cada computador só poderá ser utilizado por um único funcionário. Serão mantidos os computadores, os funcionários e o condicionador de ar atuais, devendo este ser suficiente para a refrigeração adequada da sala após a implementação do projeto. Não haverá outros aparelhos eletrônicos no local. Qual é a quantidade máxima de novos funcionários que pode ser contratada de forma que se atenda à implementação do projeto?;3;4;6;7;8;0
2024;143;MT;117785;A;18;0;;3.14218;2.04254;0.13487;AZUL;1363;;0;;REAPLICACAO_PPL;ENEM_2024_P2_CAD_07_DIA_2_AZUL.pdf;"Uma confecção de roupas pretende contratar novos funcionários e, para treiná-los, dispõe de duas opções: \bullet ela própria realizar o treinamento que teria custo de R$ 9 000,00 por funcionário. Nesse caso, ao fim do treinamento, as coleções de peças de roupas confeccionadas por funcionário serão vendidas por R$ 1 500,00 pela confecção, valor que será abatido do investimento com o treinamento de cada funcionário; \bullet contratar uma empresa especializada que cobra R$ 4 000,00 por funcionário. Nesse caso, as peças produzidas no treinamento não poderão ser comercializadas pela confecção. A confecção investirá um total de R$ 2 520 000,00 no treinamento desses futuros funcionários. Quantos funcionários essa confecção conseguirá treinar a mais se optar pela empresa especializada em vez de ela própria realizar o treinamento?";294;336;390;504;630;0
2024;144;MT;125961;E;10;0;;2.19756;1.63229;0.13191;AZUL;1363;;0;;REAPLICACAO_PPL;ENEM_2024_P2_CAD_07_DIA_2_AZUL.pdf;Uma pessoa ampliou uma foto no computador e, ao imprimi-la, verificou que a qualidade não estava boa. Assim, ficou curioso em saber as grandezas envolvidas no parâmetro que define a qualidade de uma imagem. Ao pesquisar, descobriu que um parâmetro que define a qualidade da imagem, ou resolução, pode ser considerado pela quantidade de pontos, chamados pixels, que há em cada quadradinho de 1 cm de lado contido na imagem. Considerando a pesquisa realizada, a unidade de medida do parâmetro de qualidade de uma imagem é expressa por;$cm^{2} \cdot pixel$;$cm \cdot pixel cm$;$_{2} (pixel) pixel$;cm pixel;$_{2} cm$;0
2024;149;MT;125923;E;28;0;;1.26643;2.72688;0.13414;AMARELA;1408;;0;;REGULAR;ENEM_2024_P1_CAD_05_DIA_2_AMARELO.pdf;A criptografia refere-se à construção e análise de protocolos que impedem terceiros de lerem mensagens privadas. Júlio César, imperador romano, utilizava um código para proteger as mensagens enviadas a seus generais. Assim, se a mensagem caísse em mãos inimigas, a informação não poderia ser compreendida. Nesse código, cada letra do alfabeto era substituída pela letra três posições à frente, ou seja, o “A” era substituído pelo “D”, o “B” pelo “E”, o “C” pelo “F”, e assim sucessivamente. A B C D E F G H I J K L M N O P Q R S T U V W X Y Z A B C Letra do texto codifi cado A B C D E F G H I J K L M N O P Q R S T U V W X Y Z Letra do texto original Disponível em: www.codifica.ibict.br. Acesso em: 15 out. 2019. Qualquer código que tenha um padrão de substituição de letras como o descrito é considerado uma Cifra de César ou um Código de César. Note que, para decifrar uma Cifra de César, basta descobrir por qual letra o “A” foi substituído, pois isso define todas as demais substituições a serem feitas. Uma mensagem, em um alfabeto de 26 letras, foi codificada usando uma Cifra de César. Considere a probabilidade de se descobrir, aleatoriamente, o padrão utilizado nessa codificação, e que uma tentativa frustrada deverá ser eliminada nas tentativas seguintes. A probabilidade de se descobrir o padrão dessa Cifra de César apenas na terceira tentativa é dada por;$\frac{1}{25} + \frac{1}{25} + \frac{1}{25}$;$\frac{24}{25} + \frac{23}{24} + \frac{1}{23}$;$\frac{1}{25} \times \frac{1}{24} \times \frac{1}{23}$;$\frac{24}{25} \times \frac{23}{25} \times \frac{1}{25}$;$\frac{24}{25} \times \frac{23}{24} \times \frac{1}{23}$;0
2024;176;MT;141571;D;24;0;;1.27914;-0.47051;0.21183;AZUL;1363;;0;;REAPLICACAO_PPL;ENEM_2024_P2_CAD_07_DIA_2_AZUL.pdf;É comum pensarmos na equivalência entre a idade de um animal de estimação, no caso de cães e gatos, e de um ser humano. De acordo com as diretrizes de idade criadas pela American Animal Hospital Association (AAHA), o International Cat Care e a American Association of Feline Practitioners (AAFP), a última fase da vida de um gato é chamada de geriátrica e começa aos 15 anos de vida do animal. A tabela apresenta os primeiros anos da fase geriátrica da equivalência entre a idade do gato e a idade de um humano. Idade do gato Idade equivalente de um (ano) humano (ano) 15 76 16 80 17 84 18 88 19 92 20 96 21 100 22 104 23 108 24 112 25 116 Sabe-se que o gato mais velho do mundo morreu ao completar 38 anos de vida. Considere que o padrão observado na tabela se mantém. Disponível em: https://canaldopet.ig.com.br. Acesso em: 28 nov. 2021 (adaptado). De acordo com os dados apresentados, a idade em que o gato mais velho do mundo morreu é equivalente a qual idade, em ano, de um humano?;129;133;158;168;176;0
2024;177;MT;125917;B;11;0;;2.76697;2.68891;0.14606;AZUL;1363;;0;;REAPLICACAO_PPL;ENEM_2024_P2_CAD_07_DIA_2_AZUL.pdf;Na planta baixa de uma casa, um quarto retangular, cuja área é de 24 m^{2}, está representado por um retângulo com lados medindo 0,10 m e 0,15 m. A escala dessa planta é;1 : 24.;1 : 40.;1 : 60.;1 : 1 600.;1 : 16 000.;0
2024;178;MT;87525;C;26;0;;1.64523;0.58391;0.19253;AZUL;1363;;0;;REAPLICACAO_PPL;ENEM_2024_P2_CAD_07_DIA_2_AZUL.pdf;O dono de dois cachorrinhos, um shitzu e um poodle, fez uma pesquisa na internet sobre preços de banho para seus cães em cinco lojas próximas à sua casa. Ele pretendia levar os dois cachorrinhos a um mesmo petshop naquela semana para tomar banho. Promoção da Petshop Shitzu Poodle semana Banho para cães da raça I R$ 29,00 R$ 18,00 poodle: R$ 15,00 10% de desconto no valor II R$ 23,00 R$ 20,00 do banho para cães da raça poodle Traga dois cachorrinhos para tomar banho e ganhe III R$ 25,00 R$ 20,00 R$ 5,00 de desconto no valor total Traga dois cachorrinhos para tomar banho e ganhe IV R$ 22,00 R$ 28,00 10% de desconto no valor total 20% de desconto no valor V R$ 30,00 R$ 24,00 do banho para cães da raça shitzu O local escolhido foi o que apresentou o menor preço para banho dos dois cachorrinhos. O petshop escolhido foi o;I.;II.;III.;IV.;V.;0
2024;180;MT;40363;E;11;0;;2.25486;2.9863;0.19011;AZUL;1363;;0;;REAPLICACAO_PPL;ENEM_2024_P2_CAD_07_DIA_2_AZUL.pdf;Um pintor pretende fazer uma reprodução do quadro Guernica em uma tela de dimensões 20 cm por 30 cm. Essa obra, de autoria do espanhol Pablo Picasso, é uma pintura com 3,6 m de altura e 7,8 m de comprimento. A reprodução a ser feita deverá preencher a maior área possível da tela, mantendo a proporção entre as dimensões da obra original. A escala que deve ser empregada para essa reprodução é;1 : 12.;1 : 18.;1 : 21.;1 : 23.;1 : 26.;0
2024;180;MT;84940;E;14;0;;3.11951;2.03277;0.14869;AMARELA;1408;;0;;REGULAR;ENEM_2024_P1_CAD_05_DIA_2_AMARELO.pdf;Em uma empresa é comercializado um produto em embalagens em formato de cilindro circular reto, com raio medindo 3 cm, e altura medindo 15 cm. Essa empresa planeja comercializar o mesmo produto em embalagens em formato de cubo, com capacidade igual a 80% da capacidade da embalagem cilíndrica utilizada atualmente. Use 3 como valor aproximado para \pi. A medida da aresta da nova embalagem, em centímetro, deve ser;6;18;$6\sqrt{6}$;$6\sqrt[3]{6}$;$3\sqrt[3]{12}$;0
2024;170;MT;117797;D;18;0;;1.87853;2.91962;0.20882;AMARELA;1408;;0;;REGULAR;ENEM_2024_P1_CAD_05_DIA_2_AMARELO.pdf;Uma casa de shows terá um evento cujo custo total de produção é de R$ 34 350,00, sendo que comporta 500 pessoas. O preço do ingresso será de R$ 130,00 e, normalmente, 60% das pessoas adquirem meia-entrada, pagando R$ 65,00 pelo ingresso. Além do faturamento proveniente da venda de ingressos, a casa de shows vende, com 60% de lucro, bebidas e petiscos ao público no dia do evento. Após ter vendido todos os 500 ingressos, constatou-se que a quantidade de meias-entradas vendidas superou em 50% o que estava previsto, impactando o faturamento estimado com a venda de ingressos. No dia do evento, decidiu-se manter o percentual de 60% de lucro sobre as bebidas e petiscos, pois todo o público que comprou ingresso compareceu ao show. Com isso, espera-se ter lucro de R$ 17 000,00 nesse evento. Para que se alcance o lucro esperado, o gasto médio por pessoa com bebidas e petiscos, em real, deverá ser de;19,50.;28,80.;34,00.;52,00.;68,70.;0
2024;171;MT;117759;C;14;0;;2.19608;2.24658;0.27848;AZUL;1363;;0;;REAPLICACAO_PPL;ENEM_2024_P2_CAD_07_DIA_2_AZUL.pdf;Uma empresa produz embalagens para acomodar seu produto. As embalagens atuais são cilíndricas e medem 16 cm de diâmetro e 20 cm de altura. A pedido da direção, as embalagens terão um novo formato. Elas serão na forma de paralelepípedos retos retângulos, de base quadrada, de lado medindo 16 cm. A capacidade delas deverá ser, pelo menos, 400 mL maior que a das embalagens atuais. Use 3 como valor aproximado de \pi. O valor aproximado da medida da altura das novas embalagens, em centímetro, é;11.;15.;17.;62.;66.;0
2024;172;MT;55423;D;8;0;;3.09197;1.13019;0.19954;AMARELA;1408;;0;;REGULAR;ENEM_2024_P1_CAD_05_DIA_2_AMARELO.pdf;O estádio do Maracanã passou por algumas modificações estruturais para a realização da Copa do Mundo de 2014, como, por exemplo, as dimensões do campo retangular. Para se adaptar aos padrões da Fifa, as dimensões do campo foram reduzidas de 110 m \times 75 m para 105 m \times 68 m. Disponível em: http://virgula.uol.com.br. Acesso em: 14 ago. 2013 (adaptado). Em quantos metros quadrados a área do campo do Maracanã foi reduzida?;24;35;555;1 110;1 145;0
2024;161;MT;111764;E;30;0;;1.22427;1.34947;0.17872;AZUL;1363;;0;;REAPLICACAO_PPL;ENEM_2024_P2_CAD_07_DIA_2_AZUL.pdf;Uma pessoa planeja fazer um intercâmbio com duração de dois meses consecutivos a serem escolhidos dentre os seguintes meses: abril, maio, junho e julho. A tabela apresenta as cinco cidades possíveis para o intercâmbio de seu interesse (X, Y, Z, W e K), com as respectivas temperaturas máximas mensais registradas no mesmo período do ano anterior. Temperaturas máximas (^\circC) Cidade Abril Maio Junho Julho $\frac{X}{Y}\frac{17}{24}\frac{27}{22}\frac{20}{21}\frac{25}{25}$ $\frac{Z}{W}\frac{20}{23}\frac{20}{24}\frac{28}{20}\frac{20}{19}$ K 19 25 26 19 Seu médico recomendou que, com base nos dados fornecidos na tabela, ela escolhesse a cidade que apresentasse, em dois meses consecutivos, a maior média de temperatura máxima mensal e fizesse o intercâmbio nesse período. Qual cidade a pessoa deve escolher para satisfazer adequadamente a recomendação médica?;X;Y;Z;W;K;0
2024;162;MT;117717;C;13;0;;1.56842;1.95154;0.23233;AZUL;1363;;0;;REAPLICACAO_PPL;ENEM_2024_P2_CAD_07_DIA_2_AZUL.pdf;"Em um supermercado, uma marca de papel higiênico é comercializada em cinco diferentes tipos de pacotes, contendo quantidades distintas de rolos em cada um. Todos os rolos são de mesma largura e com metragens lineares diversas. Os preços de cada tipo de pacote são distintos, e as especificações são estas: \bullet tipo I: pacote contendo 4 rolos, com metragem linear de 60 m por rolo, ao preço de R$ 4,90; \bullet tipo II: pacote contendo 12 rolos, com metragem linear de 20 m por rolo, ao preço de R$ 4,50; \bullet tipo III: pacote contendo 16 rolos, com metragem linear de 30 m por rolo, ao preço de R$ 8,60; \bullet tipo IV: pacote contendo 20 rolos, com metragem linear de 30 m por rolo, ao preço de R$ 11,00; \bullet tipo V: pacote contendo 24 rolos, com metragem linear de 20 m por rolo, ao preço de R$ 8,70. Um cliente vai a esse supermercado, avalia cada uma das especificações e resolve adquirir um pacote de papel higiênico que tenha o menor preço por metro linear. Qual foi o tipo de pacote adquirido por esse cliente?";I;II;III;IV;V;0
2024;163;MT;117622;D;22;0;;2.10598;1.42213;0.10091;AZUL;1363;;0;;REAPLICACAO_PPL;ENEM_2024_P2_CAD_07_DIA_2_AZUL.pdf;"Uma escola analisou as propostas de cinco empresas para alugar uma máquina fotocopiadora que atenda à demanda de 12 000 cópias mensais. Cada empresa cobra um valor fixo pelo aluguel mensal da máquina, mais um valor proporcional ao número de cópias realizadas, ambos em real. Assim, o custo total C, do aluguel de uma máquina, que atenda a uma demanda de x cópias mensais, em cada uma das cinco empresas, pode ser dado pelas expressões: \bullet empresa I: C = 500 + 0,40x; \bullet empresa II: C = 800 + 0,50x; \bullet empresa III: C = 2 000 + 0,20x; \bullet empresa IV: C = 1 100 + 0,25x; \bullet empresa V: C = 600 + 0,30x. A escola escolheu a empresa que apresentou a proposta que fornecia o serviço necessário pelo menor custo mensal. A empresa escolhida foi a";I.;II.;III.;IV.;V.;0
2024;164;MT;117808;C;16;0;;1.89829;1.63461;0.19327;AZUL;1363;;0;;REAPLICACAO_PPL;ENEM_2024_P2_CAD_07_DIA_2_AZUL.pdf;O limite recomendável de carga a ser transportada por um caminhão é 10 000 kg. Ao transportar uma carga que excede em 300 kg esse limite, o consumo de combustível é 2% maior que o consumo observado ao transportar 10 000 kg. Em uma rodovia, o consumo de combustível desse caminhão é proporcional à quilometragem percorrida, quando considerada uma mesma carga transportada. Sabe-se que, transportando 10 000 kg por 90 km nessa rodovia, esse caminhão consome 60 litros de combustível. Suponha que esse caminhão irá transportar uma carga de 10 300 kg por 75 km nessa rodovia. Quantos litros de combustível esse caminhão consumirá para efetuar esse transporte?;49;50;51;58,8;61,2;0
2024;167;MT;15207;B;19;0;;2.77224;2.00426;0.04097;AZUL;1363;;0;;REAPLICACAO_PPL;ENEM_2024_P2_CAD_07_DIA_2_AZUL.pdf;Visando obter créditos de carbono, uma empresa, emissora de gases de efeito estufa, elabora um projeto de reflorestamento em uma área desmatada. De acordo com o projeto, no primeiro ano serão reflorestados 500 hectares. A partir daí, a cada ano, a área total reflorestada será aumentada em 50% em relação ao ano anterior. A expressão algébrica que representa a área total reflorestada ($A_{n}$), em hectare, ao final de n anos é;$A_{n} = 500 \cdot 0,5^{n − 1}$;$A_{n} = 500 \cdot 1,5^{n − 1}$;$A_{n} = 500 + n \cdot 250$;$A_{n} = 500 \cdot (1 + 0,5^{n − 1})$;$A_{n} = 500 + (n − 1) \cdot 250i$;0
2024;167;MT;35949;B;4;0;;2.52245;1.60614;0.23639;AMARELA;1408;;0;;REGULAR;ENEM_2024_P1_CAD_05_DIA_2_AMARELO.pdf;"João e Felipe participaram, na escola, de uma maratona de matemática na qual, durante uma semana, resolveram 200 questões cada. Nessa maratona, a porcentagem P de acertos de cada participante é convertida em um conceito: \bullet insatisfatório: se 0 \le P < 50; \bullet regular: se 50 \le P < 60; \bullet bom: se 60 \le P < 75; \bullet muito bom: se 75 \le P < 90; \bullet excelente: se 90 \le P \le 100. João acertou 75% das questões da maratona e Felipe acertou 30% a menos que a quantidade de questões que João acertou. Os conceitos de João e Felipe foram, respectivamente,";muito bom e bom.;muito bom e regular.;muito bom e insatisfatório.;bom e regular.;bom e insatisfatório.;0
2024;168;MT;27253;D;21;0;;2.46504;1.99892;0.18993;AZUL;1363;;0;;REAPLICACAO_PPL;ENEM_2024_P2_CAD_07_DIA_2_AZUL.pdf;"O automóvel é um bem que se desvaloriza muito rapidamente, quando comparado a outros bens. Após a venda, um automóvel novo já sofre uma grande desvalorização. O histórico de um automóvel novo, vendido por R$ 30 000,00, apresenta os seguintes valores (V ) de mercado, após decorridos os períodos indicados a seguir: \bullet ao final de um ano, R$ 27 000,00; \bullet ao final de dois anos, R$ 24 300,00; \bullet ao final de três anos, R$ 21 870,00. Esses preços seguiram um modelo exponencial que expressa V em função do número n de ano de uso, pela relação V(n) = $V_{0 }$· q ^{n}, em que $V_{0}$ é o valor inicial, q é o fator de desvalorização e n é o tempo, em ano, decorrido após a venda. O valor, em milhar de real, com uma casa decimal, que mais se aproxima do valor de mercado desse carro, ao final de seis anos, é";13,7.;14,3.;14,6.;15,9.;17,7.;0
2024;169;MT;26485;B;25;0;;1.39291;2.46888;0.17809;AZUL;1363;;0;;REAPLICACAO_PPL;ENEM_2024_P2_CAD_07_DIA_2_AZUL.pdf;A partir de um exame clínico, ficou constatado que uma pessoa encontrava-se com uma grave deficiência de vitaminas X e Y. Ela foi orientada a fazer 100% de reposição diária de cada vitamina. Devido à sua condição socioeconômica, ela só dispõe dos alimentos Z e W para suprir essa deficiência. Os alimentos Z e W custam, respectivamente, R$ 3,00 e R$ 8,00 por quilo. Segue um quadro com a porcentagem que cada 100 g desses dois alimentos fornece de cada vitamina. Alimento Z Alimento W Vitamina (% por 100 g) (% por 100 g) $\frac{X}{Y}\frac{25}{0}\frac{8}{16}$ O valor mínimo diário, em real, que a pessoa gastará para suprir suas necessidades de vitaminas X e Y, consumindo os alimentos Z e W, é;5,00.;5,60.;6,10.;6,20.;10,00.;0
2024;146;MT;60414;B;3;0;;2.40682;2.16964;0.19129;AZUL;1363;;0;;REAPLICACAO_PPL;ENEM_2024_P2_CAD_07_DIA_2_AZUL.pdf;Três amigos foram a um restaurante que vende diferentes opções de pratos, cada um deles comercializados a um mesmo valor fixo, em real. Eles consumiram, juntos, R$ 16,50 em sucos e cada um pediu exatamente um desses pratos, sendo esses os únicos gastos efetuados no restaurante. O valor total da conta foi de R$ 82,50, incluída nesse valor uma taxa de serviço de 10%, calculada sobre todos os gastos efetuados. Qual é o preço cobrado, em real, de cada prato comercializado nesse restaurante?;19,25;19,5;19,8;20;24,2;0
2024;147;MT;18078;C;16;0;;1.68425;1.70099;0.10013;AZUL;1363;;0;;REAPLICACAO_PPL;ENEM_2024_P2_CAD_07_DIA_2_AZUL.pdf;Um engenheiro civil organizou duas equipes de pedreiros, I e II, para a construção de um muro bastante extenso. Todos os pedreiros, de ambas as equipes, apresentam o mesmo rendimento por hora trabalhada frente à construção planejada. A equipe I era composta por 3 pedreiros, que construíram 36 metros quadrados de muro, em 2 dias, trabalhando 6 horas por dia. A equipe II era composta por 5 pedreiros, que trabalharam 8 horas diárias, durante 6 dias. Quantos metros quadrados a equipe II construiu a mais do que a equipe I?;144;180;204;240;276;0
2024;147;MT;95687;A;22;0;;5.44912;2872;0.15431;AMARELA;1408;;0;;REGULAR;ENEM_2024_P1_CAD_05_DIA_2_AMARELO.pdf;Um jardineiro dispõe de k metros lineares de cerca baixa para fazer um jardim ornamental. O jardim, delimitado por essa cerca, deve ter a forma de um triângulo equilátero, um quadrado ou um hexágono regular. A escolha será pela forma que resulte na maior área. O jardineiro escolherá a forma de;hexágono regular, pois a área do jardim, em metro quadrado, será \frac{k 2$\sqrt{3}$}{24} .;hexágono regular, pois a área do jardim, em metro quadrado, será \frac{3k^{2}$\sqrt{3}$}{2} .;quadrado, pois a área do jardim, em metro quadrado, será $\frac{k 2}{16}$ .;triângulo equilátero, pois a área do jardim, em metro quadrado, será \frac{k 2$\sqrt{3}$}{36} .;triângulo equilátero, pois a área do jardim, em metro quadrado, será \frac{k 2$\sqrt{3}$}{4} .;0
2024;148;MT;117865;B;15;0;;3.26013;1.57311;0.15019;AZUL;1363;;0;;REAPLICACAO_PPL;ENEM_2024_P2_CAD_07_DIA_2_AZUL.pdf;"Na primeira edição de uma Feira do Livro, a organização contou com a participação de dez voluntários, de mesma habilidade e experiência, que montaram cinco estandes de livros em uma semana, trabalhando todos os dias. Na segunda edição da Feira do Livro, a organização dispôs de duas semanas para montar os estandes. Considere que todos os novos voluntários escolhidos tenham a mesma experiência, habilidade e produtividade dos voluntários da primeira edição da feira e que trabalharão todos os dias nessas duas semanas. Considere duas situações para a segunda edição: \bullet I: o número de voluntários permanecerá o mesmo; \bullet II: o número de estandes a serem montados permanecerá o mesmo. Observe que o aumento no tempo de organização para montar os estandes, junto a uma das duas situações citadas, pode fazer o valor das outras variáveis (número de voluntários e de estandes) aumentar, diminuir ou permanecer igual. O número de estandes na situação I e o número de voluntários na situação II, na segunda edição da feira, comparados aos números da primeira edição, serão, respectivamente,";maior e maior.;maior e menor.;igual e igual.;igual e menor.;menor e menor.;0
2024;172;MT;117888;D;9;0;;3.25419;2.00748;0.23654;AZUL;1363;;0;;REAPLICACAO_PPL;ENEM_2024_P2_CAD_07_DIA_2_AZUL.pdf;"Uma fábrica utiliza latas cilíndricas como embalagem de seus produtos. Para embalar um novo produto, essa fábrica necessitará de latas cilíndricas com, no mínimo, o triplo da capacidade volumétrica das que estão em uso, e com o menor custo possível. O representante de uma empresa de embalagens disponibilizou para essa fábrica cinco opções de latas, relacionando as medidas das latas novas com as que estão em uso. São elas: \bullet I: multiplicar a medida do raio por 6 e manter a da altura; \bullet II: triplicar as medidas da área da base e da altura; \bullet III: triplicar a medida do raio e manter a da altura; \bullet IV: manter a medida do raio e triplicar a da altura; \bullet V: triplicar as medidas do raio e da altura. O preço de cada lata é diretamente proporcional à sua capacidade volumétrica. As exigências da fábrica são atendidas pelo tipo de lata apresentada na opção";I.;II.;III.;IV.;V.;0
2024;173;MT;97503;D;5;0;;1.35644;1.59204;0.16417;AZUL;1363;;0;;REAPLICACAO_PPL;ENEM_2024_P2_CAD_07_DIA_2_AZUL.pdf;Uma pessoa decide fazer uma viagem de automóvel, cujo trecho a ser percorrido é de 560 km em rodovias asfaltadas. Ela partiu com o tanque contendo 50 litros de gasolina e parou para descansar em um posto de combustível que ficava a 80 km do destino. Na faixa de velocidade em que ela dirigiu até essa parada, o rendimento médio de seu veículo foi de 12 km por litro. Sabendo que, em certa faixa de velocidade, o rendimento médio de seu carro é de 16 km por litro, decide alterar sua velocidade para percorrer o trecho final da viagem de forma a garantir esse maior rendimento. Aproveitando que se encontrava em um posto de gasolina, essa pessoa pretende reabastecer seu carro de modo a conseguir chegar ao destino com, pelo menos, 25 litros de gasolina no tanque. A quantidade mínima de gasolina, em litro, com que essa pessoa deve reabastecer seu veículo nesse posto, antes de seguir viagem, é;5.;10.;15.;20.;55.;0
2024;174;MT;15394;E;11;0;;3.90485;2.50442;0.11173;AMARELA;1408;;0;;REGULAR;ENEM_2024_P1_CAD_05_DIA_2_AMARELO.pdf;O arquiteto Renzo Piano exibiu a maquete da nova sede do Museu Whitney de Arte Americana, um prédio assimétrico que tem um vão aberto para a galeria principal, cuja medida da área é 1 672 m^{2}. Considere que a escala da maquete exibida é 1 : 200. Época, n. 682, jun. 2011 (adaptado). A medida da área do vão aberto nessa maquete, em centímetro quadrado, é;4,18.;8,36.;41,80.;83,60.;418,00.;0
2024;175;MT;84219;D;17;0;;1.40499;2.56924;0.29516;AZUL;1363;;0;;REAPLICACAO_PPL;ENEM_2024_P2_CAD_07_DIA_2_AZUL.pdf;Uma incorporadora põe à venda diversos apartamentos de 2 e de 3 quartos. Os de 2 quartos têm varanda e custam R$ 220 000,00. Alguns apartamentos de 3 quartos não têm varanda e custam R$ 300 000,00. Se tiverem varanda, o preço será 15% maior. A previsão do mercado é de que imóveis de 2 quartos possam ser revendidos daqui a 12 meses por 5% a mais que o preço pelo qual foram comprados, enquanto apartamentos de 3 quartos poderão ser revendidos daqui a 12 meses por 4% a mais do que o valor pago, independentemente de terem varanda. Uma agência imobiliária tem R$ 1 000 000,00 para investir e decidiu comprar alguns desses apartamentos. A intenção é revendê-los daqui a 12 meses com o maior lucro possível. As possibilidades de compra foram analisadas e, levando em conta o valor a investir e a previsão do mercado, uma decisão sobre a compra foi tomada. A decisão quanto à quantidade e ao tipo de apartamentos a comprar foi de;4 de 2 quartos.;3 de 3 quartos sem varanda.;3 de 3 quartos com varanda.;3 de 2 quartos e 1 de 3 quartos sem varanda.;1 de 2 quartos, 1 de 3 quartos sem varanda e 1 de 3 quartos com varanda.;0
2024;176;MT;76177;D;1;0;;2.73571;1.22835;0.14646;AMARELA;1408;;0;;REGULAR;ENEM_2024_P1_CAD_05_DIA_2_AMARELO.pdf;Um instituto de pesquisa constatou que, nos últimos dez anos, o crescimento populacional de uma cidade foi de 135,25%. Qual é a representação decimal da taxa percentual desse crescimento populacional?;13 525,0;135,25;13,525;1,3525;0,13525;0
